[INFO] [launch]: All log files can be found below /home/jungod/.ros/log/2026-07-23-20-23-36-787576-jungod-asus-tuf-gaming-a15-3057908
[INFO] [launch]: Default logging verbosity is set to INFO
[INFO] [random_forest-1]: process started with pid [3057911]
[INFO] [map_adapter-2]: process started with pid [3057913]
[INFO] [dynamics_node-3]: process started with pid [3057915]
[INFO] [controller_node-4]: process started with pid [3057917]
[INFO] [ego_planner_node-5]: process started with pid [3057919]
[INFO] [local_sense_cloud-6]: process started with pid [3057921]
[INFO] [traj_server-7]: process started with pid [3057923]
[INFO] [ego_cmd_bridge-8]: process started with pid [3057925]
[INFO] [viz_node-9]: process started with pid [3057927]
[viz_node-9] [INFO] [1784809416.875255928] [drone_visualization]: drone_visualization ready (quadrotor marker from /drone/odom)
[controller_node-4] [INFO] [1784809416.877364357] [drone_controller]: drone_controller ready: 100 Hz, mass=1.00, goal_fallback=off, approach_brake=on
[dynamics_node-3] [INFO] [1784809416.884391627] [drone_dynamics]: drone_dynamics ready: integ=500Hz pub=100Hz mass=1.00 (self-developed, not MARSIM/EGO sim)
[ego_planner_node-5] hit: 0.619039
[ego_planner_node-5] miss: -0.619039
[ego_planner_node-5] min log: -1.99243
[ego_planner_node-5] max: 2.19722
[ego_planner_node-5] thresh log: 1.38629
[ego_planner_node-5] no odom!
[ego_planner_node-5] [FSM]: from INIT to WAIT_TARGET
[map_adapter-2] [INFO] [1784809417.153814847] [map_adapter]: map_adapter /map_generator/global_cloud → clouds ['/map/obstacles'], occupancy + metadata for map=official_forest
[local_sense_cloud-6] [INFO] [1784809417.184860694] [drone_0_local_sense_cloud]: local_sense: /map_generator/global_cloud → /drone_0_pcl_render_node/cloud horizon=5.0 m @ 10 Hz (TRANSIENT_LOCAL)
[ego_cmd_bridge-8] [INFO] [1784809417.246393337] [ego_cmd_bridge]: EGO bridge ready ns=-: /drone_0_planning/pos_cmd → /planner/local_goal; Path ← /drone_0_plan_vis/optimal_list; goals /drone/goal → /drone/goal_bridge_unused
[random_forest-1] seed=1
[random_forest-1] [WARN] [1784809417.376699022] [RandomMapGenerateCylinder]: Finished generate random map 
[local_sense_cloud-6] [INFO] [1784809417.571045901] [drone_0_local_sense_cloud]: global cloud cached: 31782 points
[map_adapter-2] [INFO] [1784809417.652658857] [map_adapter]: adapted cloud #1 width=33370 occ=136x88 topdown_cells=650
[local_sense_cloud-6] [INFO] [1784809417.673440571] [drone_0_local_sense_cloud]: local cloud #1: 775 pts @ (-15.0,0.0,0.0)
[traj_server-7] [WARN] [1784809417.886308168] [drone_0_traj_server]: [Traj server]: ready.
[ego_planner_node-5] [FSM]: state: WAIT_TARGET
[ego_planner_node-5] wait for goal or trigger.
[ego_planner_node-5] [FSM]: state: WAIT_TARGET
[ego_planner_node-5] wait for goal or trigger.
[map_adapter-2] [INFO] [1784809419.749388779] [map_adapter]: adapted cloud #20 width=33370 occ=136x88 topdown_cells=650
[ego_planner_node-5] [FSM]: state: WAIT_TARGET
[ego_planner_node-5] wait for goal or trigger.
[ego_planner_node-5] [FSM]: state: WAIT_TARGET
[ego_planner_node-5] wait for goal or trigger.
[map_adapter-2] [INFO] [1784809421.975892920] [map_adapter]: adapted cloud #40 width=33370 occ=136x88 topdown_cells=650
[ego_planner_node-5] [FSM]: state: WAIT_TARGET
[ego_planner_node-5] wait for goal or trigger.
[local_sense_cloud-6] [INFO] [1784809422.572423316] [drone_0_local_sense_cloud]: local cloud #50: 774 pts @ (-15.0,0.0,0.0)
[local_sense_cloud-6] [INFO] [1784809422.611792041] [drone_0_local_sense_cloud]: global cloud cached: 31782 points
[ego_planner_node-5] [FSM]: state: WAIT_TARGET
[ego_planner_node-5] wait for goal or trigger.
[ego_planner_node-5] [FSM]: state: WAIT_TARGET
[ego_planner_node-5] wait for goal or trigger.
[map_adapter-2] [INFO] [1784809424.271271728] [map_adapter]: adapted cloud #60 width=33370 occ=136x88 topdown_cells=650
[ego_planner_node-5] [FSM]: state: WAIT_TARGET
[ego_planner_node-5] wait for goal or trigger.
[ego_planner_node-5] [FSM]: state: WAIT_TARGET
[ego_planner_node-5] wait for goal or trigger.
[map_adapter-2] [INFO] [1784809426.485083553] [map_adapter]: adapted cloud #80 width=33370 occ=136x88 topdown_cells=650
[INFO] [waypoint_publisher-10]: process started with pid [3058190]
[waypoint_publisher-10] [INFO] [1784809427.097715574] [waypoint_publisher]: Waypoint publisher: 8 pts/cycle × 1 cycles, mode=arrival,v<0.12, topic=/drone/goal
[ego_planner_node-5] [FSM]: state: WAIT_TARGET
[ego_planner_node-5] wait for goal or trigger.
[local_sense_cloud-6] [INFO] [1784809427.572718636] [drone_0_local_sense_cloud]: local cloud #100: 774 pts @ (-15.0,0.0,0.0)
[ego_planner_node-5] Triggered!
[waypoint_publisher-10] [INFO] [1784809427.585250077] [waypoint_publisher]: Waypoint cycle 1/1 1/8: (-8.00, 6.00, 1.00)
[ego_planner_node-5] [FSM]: from WAIT_TARGET to SEQUENTIAL_START
[ego_planner_node-5] [47;30m
[ego_planner_node-5] [drone 0 replan 0]==============================================[0m
[ego_planner_node-5] [1;33mmulti-trajs=1[1;0m
[ego_planner_node-5] [32miter(+1)=1,time(ms)=0.015,total_t(ms)=0.016,cost=0.017
[ego_planner_node-5] [0mtraj 1 success.
[ego_planner_node-5] plan_success=1
[ego_planner_node-5] Need to reallocate time.
[ego_planner_node-5] total time:[42m0.000241195[0m,optimize:0.000148931,refine:9.2264e-05,avg_time=0.000241195
[ego_planner_node-5] refine_success=1
[ego_planner_node-5] [FSM]: from SEQUENTIAL_START to EXEC_TRAJ
[local_sense_cloud-6] [INFO] [1784809427.620683513] [drone_0_local_sense_cloud]: global cloud cached: 31782 points
[ego_planner_node-5] [FSM]: state: EXEC_TRAJ
[ego_planner_node-5] Triggered!
[ego_planner_node-5] [TRIG]: from EXEC_TRAJ to REPLAN_TRAJ
[ego_planner_node-5] [47;30m
[ego_planner_node-5] [drone 0 replan 1]==============================================[0m
[ego_planner_node-5] [1;33mmulti-trajs=1[1;0m
[ego_planner_node-5] [32miter(+1)=1,time(ms)=0.008,total_t(ms)=0.008,cost=0.020
[ego_planner_node-5] [0mtraj 1 success.
[ego_planner_node-5] plan_success=1
[ego_planner_node-5] Need to reallocate time.
[ego_planner_node-5] total time:[42m0.000148079[0m,optimize:9.2234e-05,refine:5.5845e-05,avg_time=0.000194637
[ego_planner_node-5] refine_success=1
[ego_planner_node-5] [FSM]: from REPLAN_TRAJ to EXEC_TRAJ
[map_adapter-2] [INFO] [1784809428.772465293] [map_adapter]: adapted cloud #100 width=33370 occ=136x88 topdown_cells=650
[ego_planner_node-5] Triggered!
[ego_planner_node-5] [TRIG]: from EXEC_TRAJ to REPLAN_TRAJ
[ego_planner_node-5] [47;30m
[ego_planner_node-5] [drone 0 replan 2]==============================================[0m
[ego_planner_node-5] [1;33mmulti-trajs=1[1;0m
[ego_planner_node-5] [32miter(+1)=1,time(ms)=0.014,total_t(ms)=0.015,cost=0.018
[ego_planner_node-5] [0mtraj 1 success.
[ego_planner_node-5] plan_success=1
[ego_planner_node-5] total time:[42m0.00023382[0m,optimize:0.000229502,refine:4.318e-06,avg_time=0.000207698
[ego_planner_node-5] refine_success=1
[ego_planner_node-5] [FSM]: from REPLAN_TRAJ to EXEC_TRAJ
[ego_planner_node-5] [FSM]: state: EXEC_TRAJ
[ego_planner_node-5] Triggered!
[ego_planner_node-5] [TRIG]: from EXEC_TRAJ to REPLAN_TRAJ
[ego_planner_node-5] [47;30m
[ego_planner_node-5] [drone 0 replan 3]==============================================[0m
[ego_planner_node-5] [1;33mmulti-trajs=1[1;0m
[ego_planner_node-5] [32miter(+1)=1,time(ms)=0.009,total_t(ms)=0.010,cost=0.019
[ego_planner_node-5] [0mtraj 1 success.
[ego_planner_node-5] plan_success=1
[ego_planner_node-5] total time:[42m0.000130136[0m,optimize:0.000128082,refine:2.054e-06,avg_time=0.000188308
[ego_planner_node-5] refine_success=1
[ego_planner_node-5] [FSM]: from REPLAN_TRAJ to EXEC_TRAJ
[ego_planner_node-5] Triggered!
[ego_planner_node-5] [TRIG]: from EXEC_TRAJ to REPLAN_TRAJ
[ego_planner_node-5] [47;30m
[ego_planner_node-5] [drone 0 replan 4]==============================================[0m
[ego_planner_node-5] [1;33mmulti-trajs=1[1;0m
[ego_planner_node-5] [32miter(+1)=1,time(ms)=0.008,total_t(ms)=0.009,cost=0.021
[ego_planner_node-5] [0mtraj 1 success.
[ego_planner_node-5] plan_success=1
[ego_planner_node-5] total time:[42m0.000102824[0m,optimize:0.000101171,refine:1.653e-06,avg_time=0.000171211
[ego_planner_node-5] refine_success=1
[ego_planner_node-5] [FSM]: from REPLAN_TRAJ to EXEC_TRAJ
[ego_planner_node-5] [FSM]: state: EXEC_TRAJ
[ego_planner_node-5] Triggered!
[ego_planner_node-5] [TRIG]: from EXEC_TRAJ to REPLAN_TRAJ
[ego_planner_node-5] [47;30m
[ego_planner_node-5] [drone 0 replan 5]==============================================[0m
[ego_planner_node-5] [1;33mmulti-trajs=1[1;0m
[ego_planner_node-5] [32miter(+1)=1,time(ms)=0.009,total_t(ms)=0.009,cost=0.024
[ego_planner_node-5] [0mtraj 1 success.
[ego_planner_node-5] plan_success=1
[ego_planner_node-5] total time:[42m0.000114726[0m,optimize:0.000112622,refine:2.104e-06,avg_time=0.000161797
[ego_planner_node-5] refine_success=1
[ego_planner_node-5] [FSM]: from REPLAN_TRAJ to EXEC_TRAJ
[map_adapter-2] [INFO] [1784809431.040194040] [map_adapter]: adapted cloud #120 width=33370 occ=136x88 topdown_cells=650
[ego_planner_node-5] [FSM]: state: EXEC_TRAJ
[ego_planner_node-5] [FSM]: state: EXEC_TRAJ
[local_sense_cloud-6] [INFO] [1784809432.572722128] [drone_0_local_sense_cloud]: local cloud #150: 925 pts @ (-14.3,0.6,0.2)
[local_sense_cloud-6] [INFO] [1784809432.708620866] [drone_0_local_sense_cloud]: global cloud cached: 31782 points
[map_adapter-2] [INFO] [1784809433.158347405] [map_adapter]: adapted cloud #140 width=33370 occ=136x88 topdown_cells=650
[ego_planner_node-5] [FSM]: state: EXEC_TRAJ
[ego_planner_node-5] [FSM]: from EXEC_TRAJ to REPLAN_TRAJ
[ego_planner_node-5] [47;30m
[ego_planner_node-5] [drone 0 replan 6]==============================================[0m
[ego_planner_node-5] [1;33mmulti-trajs=1[1;0m
[ego_planner_node-5] [32miter(+1)=10,time(ms)=0.025,total_t(ms)=0.025,cost=0.070
[ego_planner_node-5] [0mtraj 1 success.
[ego_planner_node-5] plan_success=1
[ego_planner_node-5] total time:[42m0.000113032[0m,optimize:0.000111429,refine:1.603e-06,avg_time=0.00015483
[ego_planner_node-5] refine_success=1
[ego_planner_node-5] [FSM]: from REPLAN_TRAJ to EXEC_TRAJ
[ego_planner_node-5] [FSM]: state: EXEC_TRAJ
[ego_planner_node-5] [FSM]: state: EXEC_TRAJ
[map_adapter-2] [INFO] [1784809435.467478724] [map_adapter]: adapted cloud #160 width=33370 occ=136x88 topdown_cells=650
[ego_planner_node-5] [FSM]: state: EXEC_TRAJ
[ego_planner_node-5] [FSM]: from EXEC_TRAJ to REPLAN_TRAJ
[ego_planner_node-5] [47;30m
[ego_planner_node-5] [drone 0 replan 7]==============================================[0m
[ego_planner_node-5] [1;33mmulti-trajs=1[1;0m
[ego_planner_node-5] [32miter(+1)=9,time(ms)=0.023,total_t(ms)=0.024,cost=0.041
[ego_planner_node-5] [0mtraj 1 success.
[ego_planner_node-5] plan_success=1
[ego_planner_node-5] total time:[42m0.000109526[0m,optimize:0.000107803,refine:1.723e-06,avg_time=0.000149167
[ego_planner_node-5] refine_success=1
[ego_planner_node-5] [FSM]: from REPLAN_TRAJ to EXEC_TRAJ
[ego_planner_node-5] [FSM]: state: EXEC_TRAJ
[local_sense_cloud-6] [INFO] [1784809437.573346452] [drone_0_local_sense_cloud]: local cloud #200: 1478 pts @ (-12.7,2.0,0.4)
[local_sense_cloud-6] [INFO] [1784809437.813488291] [drone_0_local_sense_cloud]: global cloud cached: 31782 points
[map_adapter-2] [INFO] [1784809437.867940250] [map_adapter]: adapted cloud #180 width=33370 occ=136x88 topdown_cells=650
[ego_planner_node-5] [FSM]: state: EXEC_TRAJ
[ego_planner_node-5] [FSM]: state: EXEC_TRAJ
[ego_planner_node-5] [FSM]: from EXEC_TRAJ to REPLAN_TRAJ
[ego_planner_node-5] [47;30m
[ego_planner_node-5] [drone 0 replan 8]==============================================[0m
[ego_planner_node-5] [1;33mmulti-trajs=1[1;0m
[ego_planner_node-5] [32miter(+1)=9,time(ms)=0.018,total_t(ms)=0.018,cost=0.017
[ego_planner_node-5] [0mtraj 1 success.
[ego_planner_node-5] plan_success=1
[ego_planner_node-5] total time:[42m7.8558e-05[0m,optimize:7.7286e-05,refine:1.272e-06,avg_time=0.000141322
[ego_planner_node-5] refine_success=1
[ego_planner_node-5] [FSM]: from REPLAN_TRAJ to EXEC_TRAJ
[map_adapter-2] [INFO] [1784809440.021409726] [map_adapter]: adapted cloud #200 width=33370 occ=136x88 topdown_cells=650
[ego_planner_node-5] [FSM]: state: EXEC_TRAJ
[ego_planner_node-5] [FSM]: state: EXEC_TRAJ
[map_adapter-2] [INFO] [1784809442.144765126] [map_adapter]: adapted cloud #220 width=33370 occ=136x88 topdown_cells=650
[ego_planner_node-5] [FSM]: state: EXEC_TRAJ
[local_sense_cloud-6] [INFO] [1784809442.572920554] [drone_0_local_sense_cloud]: local cloud #250: 2143 pts @ (-11.3,3.2,0.6)
[ego_planner_node-5] [FSM]: from EXEC_TRAJ to REPLAN_TRAJ
[ego_planner_node-5] [47;30m
[ego_planner_node-5] [drone 0 replan 9]==============================================[0m
[ego_planner_node-5] [1;33mmulti-trajs=1[1;0m
[ego_planner_node-5] iter=5,time(ms)=0.197392,rebound.
[ego_planner_node-5] [32miter(+1)=23,time(ms)=0.046,total_t(ms)=0.256,cost=0.049
[ego_planner_node-5] [0mtraj 1 success.
[ego_planner_node-5] plan_success=1
[ego_planner_node-5] total time:[42m0.000321255[0m,optimize:0.000319472,refine:1.783e-06,avg_time=0.000159315
[ego_planner_node-5] refine_success=1
[ego_planner_node-5] [FSM]: from REPLAN_TRAJ to EXEC_TRAJ
[local_sense_cloud-6] [INFO] [1784809442.827394480] [drone_0_local_sense_cloud]: global cloud cached: 31782 points
[ego_planner_node-5] [FSM]: state: EXEC_TRAJ
[map_adapter-2] [INFO] [1784809444.287495637] [map_adapter]: adapted cloud #240 width=33370 occ=136x88 topdown_cells=650
[ego_planner_node-5] [FSM]: state: EXEC_TRAJ
[ego_planner_node-5] [FSM]: state: EXEC_TRAJ
[ego_planner_node-5] [FSM]: from EXEC_TRAJ to REPLAN_TRAJ
[ego_planner_node-5] [47;30m
[ego_planner_node-5] [drone 0 replan 10]==============================================[0m
[ego_planner_node-5] [1;33mmulti-trajs=1[1;0m
[ego_planner_node-5] [32miter(+1)=15,time(ms)=0.020,total_t(ms)=0.021,cost=0.020
[ego_planner_node-5] [0mtraj 1 success.
[ego_planner_node-5] plan_success=1
[ego_planner_node-5] total time:[42m8.7254e-05[0m,optimize:8.6323e-05,refine:9.31e-07,avg_time=0.000152764
[ego_planner_node-5] refine_success=1
[ego_planner_node-5] [FSM]: from REPLAN_TRAJ to EXEC_TRAJ
[map_adapter-2] [INFO] [1784809446.460417661] [map_adapter]: adapted cloud #260 width=33370 occ=136x88 topdown_cells=650
[ego_planner_node-5] [FSM]: state: EXEC_TRAJ
[ego_planner_node-5] [FSM]: state: EXEC_TRAJ
[local_sense_cloud-6] [INFO] [1784809447.573817300] [drone_0_local_sense_cloud]: local cloud #300: 2584 pts @ (-9.8,4.2,0.8)
[local_sense_cloud-6] [INFO] [1784809447.908520967] [drone_0_local_sense_cloud]: global cloud cached: 31782 points
[ego_planner_node-5] [FSM]: state: EXEC_TRAJ
[map_adapter-2] [INFO] [1784809448.596833317] [map_adapter]: adapted cloud #280 width=33370 occ=136x88 topdown_cells=650
[ego_planner_node-5] [FSM]: from EXEC_TRAJ to REPLAN_TRAJ
[ego_planner_node-5] [47;30m
[ego_planner_node-5] [drone 0 replan 11]==============================================[0m
[ego_planner_node-5] [1;33mmulti-trajs=1[1;0m
[ego_planner_node-5] [32miter(+1)=8,time(ms)=0.108,total_t(ms)=0.109,cost=0.033
[ego_planner_node-5] [0mtraj 1 success.
[ego_planner_node-5] plan_success=1
[ego_planner_node-5] total time:[42m0.000672916[0m,optimize:0.000665613,refine:7.303e-06,avg_time=0.00019611
[ego_planner_node-5] refine_success=1
[ego_planner_node-5] [FSM]: from REPLAN_TRAJ to EXEC_TRAJ
[ego_planner_node-5] [FSM]: state: EXEC_TRAJ
[ego_planner_node-5] [FSM]: state: EXEC_TRAJ
[map_adapter-2] [INFO] [1784809450.744371658] [map_adapter]: adapted cloud #300 width=33370 occ=136x88 topdown_cells=650
[ego_planner_node-5] [FSM]: state: EXEC_TRAJ
[local_sense_cloud-6] [INFO] [1784809452.574355718] [drone_0_local_sense_cloud]: local cloud #350: 3636 pts @ (-8.2,4.8,1.1)
[ego_planner_node-5] [FSM]: state: EXEC_TRAJ
[local_sense_cloud-6] [INFO] [1784809452.915470899] [drone_0_local_sense_cloud]: global cloud cached: 31782 points
[map_adapter-2] [INFO] [1784809452.920304138] [map_adapter]: adapted cloud #320 width=33370 occ=136x88 topdown_cells=650
[ego_planner_node-5] [FSM]: state: EXEC_TRAJ
[ego_planner_node-5] [FSM]: state: EXEC_TRAJ
[map_adapter-2] [INFO] [1784809455.113415462] [map_adapter]: adapted cloud #340 width=33370 occ=136x88 topdown_cells=650
[ego_planner_node-5] [FSM]: state: EXEC_TRAJ
[ego_planner_node-5] [FSM]: from EXEC_TRAJ to WAIT_TARGET
[ego_planner_node-5] [FSM]: state: WAIT_TARGET
[ego_planner_node-5] wait for goal or trigger.
[ego_planner_node-5] Triggered!
[waypoint_publisher-10] [INFO] [1784809457.085530138] [waypoint_publisher]: Waypoint cycle 1/1 2/8: (8.00, 6.00, 1.00)
[ego_planner_node-5] [FSM]: from WAIT_TARGET to SEQUENTIAL_START
[ego_planner_node-5] [47;30m
[ego_planner_node-5] [drone 0 replan 12]==============================================[0m
[ego_planner_node-5] [1;33mmulti-trajs=1[1;0m
[ego_planner_node-5] [32miter(+1)=1,time(ms)=0.010,total_t(ms)=0.010,cost=0.304
[ego_planner_node-5] [0mtraj 1 success.
[ego_planner_node-5] plan_success=1
[ego_planner_node-5] Need to reallocate time.
[ego_planner_node-5] total time:[42m0.000314783[0m,optimize:0.000151976,refine:0.000162807,avg_time=0.000205239
[ego_planner_node-5] refine_success=1
[ego_planner_node-5] [FSM]: from SEQUENTIAL_START to EXEC_TRAJ
[map_adapter-2] [INFO] [1784809457.259938961] [map_adapter]: adapted cloud #360 width=33370 occ=136x88 topdown_cells=650
[local_sense_cloud-6] [INFO] [1784809457.574975685] [drone_0_local_sense_cloud]: local cloud #400: 3647 pts @ (-7.9,6.0,1.1)
[ego_planner_node-5] [FSM]: state: EXEC_TRAJ
[ego_planner_node-5] Triggered!
[ego_planner_node-5] [TRIG]: from EXEC_TRAJ to REPLAN_TRAJ
[ego_planner_node-5] [47;30m
[ego_planner_node-5] [drone 0 replan 13]==============================================[0m
[ego_planner_node-5] [1;33mmulti-trajs=1[1;0m
[ego_planner_node-5] [32miter(+1)=3,time(ms)=0.012,total_t(ms)=0.013,cost=0.099
[ego_planner_node-5] [0mtraj 1 success.
[ego_planner_node-5] plan_success=1
[ego_planner_node-5] Need to reallocate time.
[ego_planner_node-5] total time:[42m0.000204104[0m,optimize:8.8697e-05,refine:0.000115407,avg_time=0.000205158
[ego_planner_node-5] refine_success=1
[ego_planner_node-5] [FSM]: from REPLAN_TRAJ to EXEC_TRAJ
[local_sense_cloud-6] [INFO] [1784809458.007665841] [drone_0_local_sense_cloud]: global cloud cached: 31782 points
[ego_planner_node-5] Triggered!
[ego_planner_node-5] [TRIG]: from EXEC_TRAJ to REPLAN_TRAJ
[ego_planner_node-5] [47;30m
[ego_planner_node-5] [drone 0 replan 14]==============================================[0m
[ego_planner_node-5] [1;33mmulti-trajs=1[1;0m
[ego_planner_node-5] [32miter(+1)=1,time(ms)=0.008,total_t(ms)=0.008,cost=0.083
[ego_planner_node-5] [0mtraj 1 success.
[ego_planner_node-5] plan_success=1
[ego_planner_node-5] Need to reallocate time.
[ego_planner_node-5] total time:[42m0.000153319[0m,optimize:7.5683e-05,refine:7.7636e-05,avg_time=0.000201702
[ego_planner_node-5] refine_success=1
[ego_planner_node-5] [FSM]: from REPLAN_TRAJ to EXEC_TRAJ
[ego_planner_node-5] [FSM]: state: EXEC_TRAJ
[ego_planner_node-5] Triggered!
[ego_planner_node-5] [TRIG]: from EXEC_TRAJ to REPLAN_TRAJ
[ego_planner_node-5] [47;30m
[ego_planner_node-5] [drone 0 replan 15]==============================================[0m
[ego_planner_node-5] [1;33mmulti-trajs=1[1;0m
[ego_planner_node-5] [32miter(+1)=1,time(ms)=0.016,total_t(ms)=0.017,cost=0.071
[ego_planner_node-5] [0mtraj 1 success.
[ego_planner_node-5] plan_success=1
[ego_planner_node-5] Need to reallocate time.
[ego_planner_node-5] total time:[42m0.000251964[0m,optimize:0.000138781,refine:0.000113183,avg_time=0.000204843
[ego_planner_node-5] refine_success=1
[ego_planner_node-5] [FSM]: from REPLAN_TRAJ to EXEC_TRAJ
[map_adapter-2] [INFO] [1784809459.407823259] [map_adapter]: adapted cloud #380 width=33370 occ=136x88 topdown_cells=650
[ego_planner_node-5] Triggered!
[ego_planner_node-5] [TRIG]: from EXEC_TRAJ to REPLAN_TRAJ
[ego_planner_node-5] [47;30m
[ego_planner_node-5] [drone 0 replan 16]==============================================[0m
[ego_planner_node-5] [1;33mmulti-trajs=1[1;0m
[ego_planner_node-5] [32miter(+1)=1,time(ms)=0.014,total_t(ms)=0.015,cost=0.062
[ego_planner_node-5] [0mtraj 1 success.
[ego_planner_node-5] plan_success=1
[ego_planner_node-5] Need to reallocate time.
[ego_planner_node-5] total time:[42m0.000203022[0m,optimize:0.000109406,refine:9.3616e-05,avg_time=0.000204736
[ego_planner_node-5] refine_success=1
[ego_planner_node-5] [FSM]: from REPLAN_TRAJ to EXEC_TRAJ
[ego_planner_node-5] [FSM]: state: EXEC_TRAJ
[ego_planner_node-5] Triggered!
[ego_planner_node-5] [TRIG]: from EXEC_TRAJ to REPLAN_TRAJ
[ego_planner_node-5] [47;30m
[ego_planner_node-5] [drone 0 replan 17]==============================================[0m
[ego_planner_node-5] [1;33mmulti-trajs=1[1;0m
[ego_planner_node-5] [32miter(+1)=1,time(ms)=0.011,total_t(ms)=0.012,cost=0.059
[ego_planner_node-5] [0mtraj 1 success.
[ego_planner_node-5] plan_success=1
[ego_planner_node-5] Need to reallocate time.
[ego_planner_node-5] total time:[42m0.000179008[0m,optimize:0.000101311,refine:7.7697e-05,avg_time=0.000203307
[ego_planner_node-5] refine_success=1
[ego_planner_node-5] [FSM]: from REPLAN_TRAJ to EXEC_TRAJ
[ego_planner_node-5] [FSM]: state: EXEC_TRAJ
[map_adapter-2] [INFO] [1784809461.509554130] [map_adapter]: adapted cloud #400 width=33370 occ=136x88 topdown_cells=650
[ego_planner_node-5] [FSM]: state: EXEC_TRAJ
[local_sense_cloud-6] [INFO] [1784809462.574537438] [drone_0_local_sense_cloud]: local cloud #450: 3966 pts @ (-7.3,6.2,1.0)
[ego_planner_node-5] [FSM]: state: EXEC_TRAJ
[local_sense_cloud-6] [INFO] [1784809463.009079343] [drone_0_local_sense_cloud]: global cloud cached: 31782 points
[ego_planner_node-5] [FSM]: from EXEC_TRAJ to REPLAN_TRAJ
[ego_planner_node-5] [47;30m
[ego_planner_node-5] [drone 0 replan 18]==============================================[0m
[ego_planner_node-5] [1;33mmulti-trajs=1[1;0m
[ego_planner_node-5] [32miter(+1)=6,time(ms)=0.021,total_t(ms)=0.021,cost=0.010
[ego_planner_node-5] [0mtraj 1 success.
[ego_planner_node-5] plan_success=1
[ego_planner_node-5] Need to reallocate time.
[ego_planner_node-5] total time:[42m0.000257053[0m,optimize:0.000114495,refine:0.000142558,avg_time=0.000206135
[ego_planner_node-5] refine_success=1
[ego_planner_node-5] [FSM]: from REPLAN_TRAJ to EXEC_TRAJ
[map_adapter-2] [INFO] [1784809463.666059220] [map_adapter]: adapted cloud #420 width=33370 occ=136x88 topdown_cells=650
[ego_planner_node-5] [FSM]: state: EXEC_TRAJ
[ego_planner_node-5] [FSM]: state: EXEC_TRAJ
[ego_planner_node-5] [FSM]: state: EXEC_TRAJ
[map_adapter-2] [INFO] [1784809465.825575715] [map_adapter]: adapted cloud #440 width=33370 occ=136x88 topdown_cells=650
[ego_planner_node-5] [FSM]: from EXEC_TRAJ to REPLAN_TRAJ
[ego_planner_node-5] [47;30m
[ego_planner_node-5] [drone 0 replan 19]==============================================[0m
[ego_planner_node-5] [1;33mmulti-trajs=1[1;0m
[ego_planner_node-5] [32miter(+1)=9,time(ms)=0.019,total_t(ms)=0.019,cost=0.007
[ego_planner_node-5] [0mtraj 1 success.
[ego_planner_node-5] plan_success=1
[ego_planner_node-5] total time:[42m0.000151134[0m,optimize:0.000149932,refine:1.202e-06,avg_time=0.000203385
[ego_planner_node-5] refine_success=1
[ego_planner_node-5] [FSM]: from REPLAN_TRAJ to EXEC_TRAJ
[ego_planner_node-5] [FSM]: state: EXEC_TRAJ
[local_sense_cloud-6] [INFO] [1784809467.576565530] [drone_0_local_sense_cloud]: local cloud #500: 6044 pts @ (-5.7,6.1,1.1)
[ego_planner_node-5] [FSM]: state: EXEC_TRAJ
[map_adapter-2] [INFO] [1784809467.917882567] [map_adapter]: adapted cloud #460 width=33370 occ=136x88 topdown_cells=650
[local_sense_cloud-6] [INFO] [1784809468.014781004] [drone_0_local_sense_cloud]: global cloud cached: 31782 points
[ego_planner_node-5] [FSM]: state: EXEC_TRAJ
[ego_planner_node-5] [FSM]: from EXEC_TRAJ to REPLAN_TRAJ
[ego_planner_node-5] [47;30m
[ego_planner_node-5] [drone 0 replan 20]==============================================[0m
[ego_planner_node-5] [1;33mmulti-trajs=1[1;0m
[ego_planner_node-5] [32miter(+1)=7,time(ms)=0.020,total_t(ms)=0.020,cost=0.011
[ego_planner_node-5] [0mtraj 1 success.
[ego_planner_node-5] plan_success=1
[ego_planner_node-5] Need to reallocate time.
[ego_planner_node-5] total time:[42m0.000247906[0m,optimize:0.000104486,refine:0.00014342,avg_time=0.000205505
[ego_planner_node-5] refine_success=1
[ego_planner_node-5] [FSM]: from REPLAN_TRAJ to EXEC_TRAJ
[ego_planner_node-5] [FSM]: state: EXEC_TRAJ
[map_adapter-2] [INFO] [1784809470.061265595] [map_adapter]: adapted cloud #480 width=33370 occ=136x88 topdown_cells=650
[ego_planner_node-5] [FSM]: state: EXEC_TRAJ
[ego_planner_node-5] [FSM]: state: EXEC_TRAJ
[ego_planner_node-5] [FSM]: from EXEC_TRAJ to REPLAN_TRAJ
[ego_planner_node-5] [47;30m
[ego_planner_node-5] [drone 0 replan 21]==============================================[0m
[ego_planner_node-5] [1;33mmulti-trajs=1[1;0m
[ego_planner_node-5] [32miter(+1)=8,time(ms)=0.021,total_t(ms)=0.022,cost=0.007
[ego_planner_node-5] [0mtraj 1 success.
[ego_planner_node-5] plan_success=1
[ego_planner_node-5] total time:[42m9.554e-05[0m,optimize:9.3917e-05,refine:1.623e-06,avg_time=0.000200507
[ego_planner_node-5] refine_success=1
[ego_planner_node-5] [FSM]: from REPLAN_TRAJ to EXEC_TRAJ
[map_adapter-2] [INFO] [1784809472.191580219] [map_adapter]: adapted cloud #500 width=33370 occ=136x88 topdown_cells=650
[local_sense_cloud-6] [INFO] [1784809472.576018725] [drone_0_local_sense_cloud]: local cloud #550: 5316 pts @ (-3.8,6.1,1.1)
[ego_planner_node-5] [FSM]: state: EXEC_TRAJ
[local_sense_cloud-6] [INFO] [1784809473.117179421] [drone_0_local_sense_cloud]: global cloud cached: 31782 points
[ego_planner_node-5] [FSM]: state: EXEC_TRAJ
[map_adapter-2] [INFO] [1784809474.287445382] [map_adapter]: adapted cloud #520 width=33370 occ=136x88 topdown_cells=650
[ego_planner_node-5] [FSM]: state: EXEC_TRAJ
[ego_planner_node-5] [FSM]: from EXEC_TRAJ to REPLAN_TRAJ
[ego_planner_node-5] [47;30m
[ego_planner_node-5] [drone 0 replan 22]==============================================[0m
[ego_planner_node-5] [1;33mmulti-trajs=1[1;0m
[ego_planner_node-5] [32miter(+1)=8,time(ms)=0.023,total_t(ms)=0.023,cost=0.004
[ego_planner_node-5] [0mtraj 1 success.
[ego_planner_node-5] plan_success=1
[ego_planner_node-5] total time:[42m0.000114495[0m,optimize:0.000112782,refine:1.713e-06,avg_time=0.000196767
[ego_planner_node-5] refine_success=1
[ego_planner_node-5] [FSM]: from REPLAN_TRAJ to EXEC_TRAJ
[ego_planner_node-5] [FSM]: state: EXEC_TRAJ
[map_adapter-2] [INFO] [1784809476.375739860] [map_adapter]: adapted cloud #540 width=33370 occ=136x88 topdown_cells=650
[ego_planner_node-5] [FSM]: state: EXEC_TRAJ
[local_sense_cloud-6] [INFO] [1784809477.577392593] [drone_0_local_sense_cloud]: local cloud #600: 5045 pts @ (-2.0,6.1,1.1)
[ego_planner_node-5] [FSM]: state: EXEC_TRAJ
[ego_planner_node-5] [FSM]: from EXEC_TRAJ to REPLAN_TRAJ
[ego_planner_node-5] [47;30m
[ego_planner_node-5] [drone 0 replan 23]==============================================[0m
[ego_planner_node-5] [1;33mmulti-trajs=1[1;0m
[ego_planner_node-5] [32miter(+1)=5,time(ms)=0.019,total_t(ms)=0.020,cost=0.003
[ego_planner_node-5] [0mtraj 1 success.
[ego_planner_node-5] plan_success=1
[ego_planner_node-5] total time:[42m0.000117872[0m,optimize:0.000115768,refine:2.104e-06,avg_time=0.00019348
[ego_planner_node-5] refine_success=1
[ego_planner_node-5] [FSM]: from REPLAN_TRAJ to EXEC_TRAJ
[local_sense_cloud-6] [INFO] [1784809478.210809288] [drone_0_local_sense_cloud]: global cloud cached: 31782 points
[map_adapter-2] [INFO] [1784809478.543758181] [map_adapter]: adapted cloud #560 width=33370 occ=136x88 topdown_cells=650
[ego_planner_node-5] [FSM]: state: EXEC_TRAJ
[ego_planner_node-5] [FSM]: state: EXEC_TRAJ
[map_adapter-2] [INFO] [1784809480.665680316] [map_adapter]: adapted cloud #580 width=33370 occ=136x88 topdown_cells=650
[ego_planner_node-5] [FSM]: state: EXEC_TRAJ
[ego_planner_node-5] [FSM]: from EXEC_TRAJ to REPLAN_TRAJ
[ego_planner_node-5] [47;30m
[ego_planner_node-5] [drone 0 replan 24]==============================================[0m
[ego_planner_node-5] [1;33mmulti-trajs=2[1;0m
[ego_planner_node-5] [32miter(+1)=29,time(ms)=0.083,total_t(ms)=0.083,cost=0.074
[ego_planner_node-5] [0mtraj 1 success.
[ego_planner_node-5] [32miter(+1)=18,time(ms)=0.041,total_t(ms)=0.041,cost=0.045
[ego_planner_node-5] [0mtraj 2 success.
[ego_planner_node-5] plan_success=1
[ego_planner_node-5] total time:[42m0.00027[0m,optimize:0.00027,refine:1.9e-06,avg_time=0.0002
[ego_planner_node-5] refine_success=1
[ego_planner_node-5] [FSM]: from REPLAN_TRAJ to EXEC_TRAJ
[ego_planner_node-5] [FSM]: state: EXEC_TRAJ
[local_sense_cloud-6] [INFO] [1784809482.576380600] [drone_0_local_sense_cloud]: local cloud #650: 5462 pts @ (-0.2,6.1,1.1)
[map_adapter-2] [INFO] [1784809482.731148950] [map_adapter]: adapted cloud #600 width=33370 occ=136x88 topdown_cells=650
[ego_planner_node-5] [FSM]: state: EXEC_TRAJ
[local_sense_cloud-6] [INFO] [1784809483.211163578] [drone_0_local_sense_cloud]: global cloud cached: 31782 points
[ego_planner_node-5] [FSM]: state: EXEC_TRAJ
[ego_planner_node-5] [FSM]: from EXEC_TRAJ to REPLAN_TRAJ
[ego_planner_node-5] [47;30m
[ego_planner_node-5] [drone 0 replan 25]==============================================[0m
[ego_planner_node-5] [1;33mmulti-trajs=1[1;0m
[ego_planner_node-5] [32miter(+1)=11,time(ms)=0.036,total_t(ms)=0.036,cost=0.026
[ego_planner_node-5] [0mtraj 1 success.
[ego_planner_node-5] plan_success=1
[ego_planner_node-5] total time:[42m0.00015[0m,optimize:0.00015,refine:2e-06,avg_time=0.00019
[ego_planner_node-5] refine_success=1
[ego_planner_node-5] [FSM]: from REPLAN_TRAJ to EXEC_TRAJ
[map_adapter-2] [INFO] [1784809484.869287877] [map_adapter]: adapted cloud #620 width=33370 occ=136x88 topdown_cells=650
[ego_planner_node-5] [FSM]: state: EXEC_TRAJ
[ego_planner_node-5] [FSM]: state: EXEC_TRAJ
[map_adapter-2] [INFO] [1784809486.954471408] [map_adapter]: adapted cloud #640 width=33370 occ=136x88 topdown_cells=650
[ego_planner_node-5] [FSM]: state: EXEC_TRAJ
[ego_planner_node-5] [FSM]: from EXEC_TRAJ to REPLAN_TRAJ
[ego_planner_node-5] [47;30m
[ego_planner_node-5] [drone 0 replan 26]==============================================[0m
[ego_planner_node-5] [1;33mmulti-trajs=1[1;0m
[ego_planner_node-5] [32miter(+1)=10,time(ms)=0.018,total_t(ms)=0.019,cost=0.023
[ego_planner_node-5] [0mtraj 1 success.
[ego_planner_node-5] plan_success=1
[ego_planner_node-5] total time:[42m7.7e-05[0m,optimize:7.6e-05,refine:1.1e-06,avg_time=0.00019
[ego_planner_node-5] refine_success=1
[ego_planner_node-5] [FSM]: from REPLAN_TRAJ to EXEC_TRAJ
[local_sense_cloud-6] [INFO] [1784809487.576383539] [drone_0_local_sense_cloud]: local cloud #700: 5156 pts @ (1.7,6.1,1.1)
[ego_planner_node-5] [FSM]: state: EXEC_TRAJ
[local_sense_cloud-6] [INFO] [1784809488.314341094] [drone_0_local_sense_cloud]: global cloud cached: 31782 points
[map_adapter-2] [INFO] [1784809489.032220292] [map_adapter]: adapted cloud #660 width=33370 occ=136x88 topdown_cells=650
[ego_planner_node-5] [FSM]: state: EXEC_TRAJ
[ego_planner_node-5] [FSM]: state: EXEC_TRAJ
[ego_planner_node-5] [FSM]: from EXEC_TRAJ to REPLAN_TRAJ
[ego_planner_node-5] [47;30m
[ego_planner_node-5] [drone 0 replan 27]==============================================[0m
[ego_planner_node-5] [1;33mmulti-trajs=1[1;0m
[ego_planner_node-5] [32miter(+1)=9,time(ms)=0.018,total_t(ms)=0.018,cost=0.023
[ego_planner_node-5] [0mtraj 1 success.
[ego_planner_node-5] plan_success=1
[ego_planner_node-5] total time:[42m6.9e-05[0m,optimize:6.8e-05,refine:9.8e-07,avg_time=0.00019
[ego_planner_node-5] refine_success=1
[ego_planner_node-5] [FSM]: from REPLAN_TRAJ to EXEC_TRAJ
[map_adapter-2] [INFO] [1784809491.143477470] [map_adapter]: adapted cloud #680 width=33370 occ=136x88 topdown_cells=650
[ego_planner_node-5] [FSM]: state: EXEC_TRAJ
[ego_planner_node-5] [FSM]: state: EXEC_TRAJ
[local_sense_cloud-6] [INFO] [1784809492.575585851] [drone_0_local_sense_cloud]: local cloud #750: 3202 pts @ (3.4,5.7,1.1)
[ego_planner_node-5] [FSM]: state: EXEC_TRAJ
[ego_planner_node-5] [FSM]: from EXEC_TRAJ to REPLAN_TRAJ
[ego_planner_node-5] [47;30m
[ego_planner_node-5] [drone 0 replan 28]==============================================[0m
[ego_planner_node-5] [1;33mmulti-trajs=1[1;0m
[ego_planner_node-5] [32miter(+1)=9,time(ms)=0.029,total_t(ms)=0.029,cost=0.022
[ego_planner_node-5] [0mtraj 1 success.
[ego_planner_node-5] plan_success=1
[ego_planner_node-5] total time:[42m0.00011[0m,optimize:0.0001,refine:2e-06,avg_time=0.00018
[ego_planner_node-5] refine_success=1
[ego_planner_node-5] [FSM]: from REPLAN_TRAJ to EXEC_TRAJ
[local_sense_cloud-6] [INFO] [1784809493.320134323] [drone_0_local_sense_cloud]: global cloud cached: 31782 points
[map_adapter-2] [INFO] [1784809493.438738492] [map_adapter]: adapted cloud #700 width=33370 occ=136x88 topdown_cells=650
[ego_planner_node-5] [FSM]: state: EXEC_TRAJ
[ego_planner_node-5] [FSM]: state: EXEC_TRAJ
[map_adapter-2] [INFO] [1784809495.826346403] [map_adapter]: adapted cloud #720 width=33370 occ=136x88 topdown_cells=650
[ego_planner_node-5] [FSM]: state: EXEC_TRAJ
[ego_planner_node-5] [FSM]: from EXEC_TRAJ to REPLAN_TRAJ
[ego_planner_node-5] [47;30m
[ego_planner_node-5] [drone 0 replan 29]==============================================[0m
[ego_planner_node-5] [1;33mmulti-trajs=1[1;0m
[ego_planner_node-5] [32miter(+1)=9,time(ms)=0.022,total_t(ms)=0.022,cost=0.021
[ego_planner_node-5] [0mtraj 1 success.
[ego_planner_node-5] plan_success=1
[ego_planner_node-5] total time:[42m7.6e-05[0m,optimize:7.5e-05,refine:1.2e-06,avg_time=0.00018
[ego_planner_node-5] refine_success=1
[ego_planner_node-5] [FSM]: from REPLAN_TRAJ to EXEC_TRAJ
[ego_planner_node-5] [FSM]: state: EXEC_TRAJ
[local_sense_cloud-6] [INFO] [1784809497.575749806] [drone_0_local_sense_cloud]: local cloud #800: 3694 pts @ (5.2,6.0,1.1)
[map_adapter-2] [INFO] [1784809497.966552414] [map_adapter]: adapted cloud #740 width=33370 occ=136x88 topdown_cells=650
[ego_planner_node-5] [FSM]: state: EXEC_TRAJ
[local_sense_cloud-6] [INFO] [1784809498.415419982] [drone_0_local_sense_cloud]: global cloud cached: 31782 points
[ego_planner_node-5] [FSM]: from EXEC_TRAJ to REPLAN_TRAJ
[ego_planner_node-5] [47;30m
[ego_planner_node-5] [drone 0 replan 30]==============================================[0m
[ego_planner_node-5] [1;33mmulti-trajs=1[1;0m
[ego_planner_node-5] [32miter(+1)=8,time(ms)=0.018,total_t(ms)=0.019,cost=0.035
[ego_planner_node-5] [0mtraj 1 success.
[ego_planner_node-5] plan_success=1
[ego_planner_node-5] total time:[42m6.4e-05[0m,optimize:6.3e-05,refine:1.1e-06,avg_time=0.00018
[ego_planner_node-5] refine_success=1
[ego_planner_node-5] [FSM]: from REPLAN_TRAJ to EXEC_TRAJ
[ego_planner_node-5] [FSM]: state: EXEC_TRAJ
[map_adapter-2] [INFO] [1784809500.161647235] [map_adapter]: adapted cloud #760 width=33370 occ=136x88 topdown_cells=650
[ego_planner_node-5] [FSM]: state: EXEC_TRAJ
[ego_planner_node-5] [FSM]: state: EXEC_TRAJ
[ego_planner_node-5] [FSM]: state: EXEC_TRAJ
[map_adapter-2] [INFO] [1784809502.401677477] [map_adapter]: adapted cloud #780 width=33370 occ=136x88 topdown_cells=650
[local_sense_cloud-6] [INFO] [1784809502.577244047] [drone_0_local_sense_cloud]: local cloud #850: 4741 pts @ (6.7,6.0,1.1)
[ego_planner_node-5] [FSM]: state: EXEC_TRAJ
[local_sense_cloud-6] [INFO] [1784809503.511682310] [drone_0_local_sense_cloud]: global cloud cached: 31782 points
[ego_planner_node-5] [FSM]: state: EXEC_TRAJ
[map_adapter-2] [INFO] [1784809504.681624784] [map_adapter]: adapted cloud #800 width=33370 occ=136x88 topdown_cells=650
[ego_planner_node-5] [FSM]: state: EXEC_TRAJ
[ego_planner_node-5] [FSM]: state: EXEC_TRAJ
[map_adapter-2] [INFO] [1784809506.956080350] [map_adapter]: adapted cloud #820 width=33370 occ=136x88 topdown_cells=650
[ego_planner_node-5] [FSM]: state: EXEC_TRAJ
[local_sense_cloud-6] [INFO] [1784809507.576351469] [drone_0_local_sense_cloud]: local cloud #900: 5019 pts @ (7.7,6.0,1.1)
[ego_planner_node-5] [FSM]: from EXEC_TRAJ to WAIT_TARGET
[ego_planner_node-5] [FSM]: state: WAIT_TARGET
[ego_planner_node-5] wait for goal or trigger.
[local_sense_cloud-6] [INFO] [1784809508.513188665] [drone_0_local_sense_cloud]: global cloud cached: 31782 points
[ego_planner_node-5] Triggered!
[waypoint_publisher-10] [INFO] [1784809508.685318564] [waypoint_publisher]: Waypoint cycle 1/1 3/8: (8.00, -6.00, 1.00)
[ego_planner_node-5] [FSM]: from WAIT_TARGET to SEQUENTIAL_START
[ego_planner_node-5] [47;30m
[ego_planner_node-5] [drone 0 replan 31]==============================================[0m
[ego_planner_node-5] [1;33mmulti-trajs=2[1;0m
[ego_planner_node-5] [32miter(+1)=21,time(ms)=0.063,total_t(ms)=0.063,cost=0.140
[ego_planner_node-5] [0mtraj 1 success.
[ego_planner_node-5] [32miter(+1)=23,time(ms)=0.059, collided, keep optimizing
[ego_planner_node-5] [0m[32miter(+1)=1,time(ms)=0.003, collided, keep optimizing
[ego_planner_node-5] [0m[32miter(+1)=1,time(ms)=0.003, collided, keep optimizing
[ego_planner_node-5] [0mtraj 2 failed.
[ego_planner_node-5] plan_success=1
[ego_planner_node-5] Need to reallocate time.
[ego_planner_node-5] total time:[42m0.00048[0m,optimize:0.00037,refine:0.00011,avg_time=0.00019
[ego_planner_node-5] refine_success=1
[ego_planner_node-5] [FSM]: from SEQUENTIAL_START to EXEC_TRAJ
[map_adapter-2] [INFO] [1784809509.192130430] [map_adapter]: adapted cloud #840 width=33370 occ=136x88 topdown_cells=650
[ego_planner_node-5] Triggered!
[ego_planner_node-5] [TRIG]: from EXEC_TRAJ to REPLAN_TRAJ
[ego_planner_node-5] [47;30m
[ego_planner_node-5] [drone 0 replan 32]==============================================[0m
[ego_planner_node-5] [1;33mmulti-trajs=2[1;0m
[ego_planner_node-5] [32miter(+1)=20,time(ms)=0.041,total_t(ms)=0.041,cost=0.144
[ego_planner_node-5] [0mtraj 1 success.
[ego_planner_node-5] [32miter(+1)=18,time(ms)=0.038,total_t(ms)=0.038,cost=0.108
[ego_planner_node-5] [0mtraj 2 success.
[ego_planner_node-5] plan_success=1
[ego_planner_node-5] Need to reallocate time.
[ego_planner_node-5] total time:[42m0.0003[0m,optimize:0.00021,refine:9e-05,avg_time=0.00019
[ego_planner_node-5] refine_success=1
[ego_planner_node-5] [FSM]: from REPLAN_TRAJ to EXEC_TRAJ
[ego_planner_node-5] [FSM]: state: EXEC_TRAJ
[ego_planner_node-5] Triggered!
[ego_planner_node-5] [TRIG]: from EXEC_TRAJ to REPLAN_TRAJ
[ego_planner_node-5] [47;30m
[ego_planner_node-5] [drone 0 replan 33]==============================================[0m
[ego_planner_node-5] [1;33mmulti-trajs=1[1;0m
[ego_planner_node-5] [32miter(+1)=1,time(ms)=0.013,total_t(ms)=0.013,cost=0.079
[ego_planner_node-5] [0mtraj 1 success.
[ego_planner_node-5] plan_success=1
[ego_planner_node-5] Need to reallocate time.
[ego_planner_node-5] total time:[42m0.00032[0m,optimize:0.00012,refine:0.0002,avg_time=0.00019
[ego_planner_node-5] refine_success=1
[ego_planner_node-5] [FSM]: from REPLAN_TRAJ to EXEC_TRAJ
[ego_planner_node-5] Triggered!
[ego_planner_node-5] [TRIG]: from EXEC_TRAJ to REPLAN_TRAJ
[ego_planner_node-5] [47;30m
[ego_planner_node-5] [drone 0 replan 34]==============================================[0m
[ego_planner_node-5] [1;33mmulti-trajs=1[1;0m
[ego_planner_node-5] [32miter(+1)=1,time(ms)=0.011,total_t(ms)=0.012,cost=0.070
[ego_planner_node-5] [0mtraj 1 success.
[ego_planner_node-5] plan_success=1
[ego_planner_node-5] Need to reallocate time.
[ego_planner_node-5] total time:[42m0.0002[0m,optimize:0.00014,refine:6.5e-05,avg_time=0.00019
[ego_planner_node-5] refine_success=1
[ego_planner_node-5] [FSM]: from REPLAN_TRAJ to EXEC_TRAJ
[ego_planner_node-5] [FSM]: state: EXEC_TRAJ
[ego_planner_node-5] Triggered!
[ego_planner_node-5] [TRIG]: from EXEC_TRAJ to REPLAN_TRAJ
[ego_planner_node-5] [47;30m
[ego_planner_node-5] [drone 0 replan 35]==============================================[0m
[ego_planner_node-5] [1;33mmulti-trajs=1[1;0m
[ego_planner_node-5] [32miter(+1)=1,time(ms)=0.013,total_t(ms)=0.013,cost=0.064
[ego_planner_node-5] [0mtraj 1 success.
[ego_planner_node-5] plan_success=1
[ego_planner_node-5] Need to reallocate time.
[ego_planner_node-5] total time:[42m0.00022[0m,optimize:0.0001,refine:0.00012,avg_time=0.00019
[ego_planner_node-5] refine_success=1
[ego_planner_node-5] [FSM]: from REPLAN_TRAJ to EXEC_TRAJ
[map_adapter-2] [INFO] [1784809511.428768904] [map_adapter]: adapted cloud #860 width=33370 occ=136x88 topdown_cells=650
[ego_planner_node-5] [FSM]: state: EXEC_TRAJ
[ego_planner_node-5] Triggered!
[ego_planner_node-5] [TRIG]: from EXEC_TRAJ to REPLAN_TRAJ
[ego_planner_node-5] [47;30m
[ego_planner_node-5] [drone 0 replan 36]==============================================[0m
[ego_planner_node-5] [1;33mmulti-trajs=1[1;0m
[ego_planner_node-5] [32miter(+1)=1,time(ms)=0.013,total_t(ms)=0.013,cost=0.063
[ego_planner_node-5] [0mtraj 1 success.
[ego_planner_node-5] plan_success=1
[ego_planner_node-5] Need to reallocate time.
[ego_planner_node-5] total time:[42m0.00016[0m,optimize:9.2e-05,refine:7.1e-05,avg_time=0.00019
[ego_planner_node-5] refine_success=1
[ego_planner_node-5] [FSM]: from REPLAN_TRAJ to EXEC_TRAJ
[ego_planner_node-5] [FSM]: state: EXEC_TRAJ
[local_sense_cloud-6] [INFO] [1784809512.576079953] [drone_0_local_sense_cloud]: local cloud #950: 4865 pts @ (7.9,5.7,1.1)
[local_sense_cloud-6] [INFO] [1784809513.521052220] [drone_0_local_sense_cloud]: global cloud cached: 31782 points
[ego_planner_node-5] [FSM]: state: EXEC_TRAJ
[map_adapter-2] [INFO] [1784809513.639910611] [map_adapter]: adapted cloud #880 width=33370 occ=136x88 topdown_cells=650
[ego_planner_node-5] [FSM]: state: EXEC_TRAJ
[ego_planner_node-5] [FSM]: from EXEC_TRAJ to REPLAN_TRAJ
[ego_planner_node-5] [47;30m
[ego_planner_node-5] [drone 0 replan 37]==============================================[0m
[ego_planner_node-5] [1;33mmulti-trajs=1[1;0m
[ego_planner_node-5] [32miter(+1)=5,time(ms)=0.023,total_t(ms)=0.023,cost=0.010
[ego_planner_node-5] [0mtraj 1 success.
[ego_planner_node-5] plan_success=1
[ego_planner_node-5] Need to reallocate time.
[ego_planner_node-5] total time:[42m0.00028[0m,optimize:0.00013,refine:0.00015,avg_time=0.0002
[ego_planner_node-5] refine_success=1
[ego_planner_node-5] [FSM]: from REPLAN_TRAJ to EXEC_TRAJ
[ego_planner_node-5] [FSM]: state: EXEC_TRAJ
[map_adapter-2] [INFO] [1784809515.885518203] [map_adapter]: adapted cloud #900 width=33370 occ=136x88 topdown_cells=650
[ego_planner_node-5] [FSM]: state: EXEC_TRAJ
[local_sense_cloud-6] [INFO] [1784809517.576241819] [drone_0_local_sense_cloud]: local cloud #1000: 3780 pts @ (7.8,4.2,1.1)
[ego_planner_node-5] [FSM]: state: EXEC_TRAJ
[ego_planner_node-5] [FSM]: from EXEC_TRAJ to REPLAN_TRAJ
[ego_planner_node-5] [47;30m
[ego_planner_node-5] [drone 0 replan 38]==============================================[0m
[ego_planner_node-5] [1;33mmulti-trajs=1[1;0m
[ego_planner_node-5] [32miter(+1)=5,time(ms)=0.025,total_t(ms)=0.025,cost=0.004
[ego_planner_node-5] [0mtraj 1 success.
[ego_planner_node-5] plan_success=1
[ego_planner_node-5] total time:[42m0.00015[0m,optimize:0.00014,refine:2.3e-06,avg_time=0.00019
[ego_planner_node-5] refine_success=1
[ego_planner_node-5] [FSM]: from REPLAN_TRAJ to EXEC_TRAJ
[map_adapter-2] [INFO] [1784809518.127254052] [map_adapter]: adapted cloud #920 width=33370 occ=136x88 topdown_cells=650
[local_sense_cloud-6] [INFO] [1784809518.613283787] [drone_0_local_sense_cloud]: global cloud cached: 31782 points
[ego_planner_node-5] [FSM]: state: EXEC_TRAJ
[ego_planner_node-5] [FSM]: state: EXEC_TRAJ
[map_adapter-2] [INFO] [1784809520.324446163] [map_adapter]: adapted cloud #940 width=33370 occ=136x88 topdown_cells=650
[ego_planner_node-5] [FSM]: state: EXEC_TRAJ
[ego_planner_node-5] [FSM]: from EXEC_TRAJ to REPLAN_TRAJ
[ego_planner_node-5] [47;30m
[ego_planner_node-5] [drone 0 replan 39]==============================================[0m
[ego_planner_node-5] [1;33mmulti-trajs=1[1;0m
[ego_planner_node-5] [32miter(+1)=3,time(ms)=0.017,total_t(ms)=0.017,cost=0.001
[ego_planner_node-5] [0mtraj 1 success.
[ego_planner_node-5] plan_success=1
[ego_planner_node-5] total time:[42m0.00011[0m,optimize:0.00011,refine:1.3e-06,avg_time=0.00019
[ego_planner_node-5] refine_success=1
[ego_planner_node-5] [FSM]: from REPLAN_TRAJ to EXEC_TRAJ
[ego_planner_node-5] [FSM]: state: EXEC_TRAJ
[map_adapter-2] [INFO] [1784809522.515730060] [map_adapter]: adapted cloud #960 width=33370 occ=136x88 topdown_cells=650
[local_sense_cloud-6] [INFO] [1784809522.573689398] [drone_0_local_sense_cloud]: local cloud #1050: 1687 pts @ (7.9,2.4,1.1)
[ego_planner_node-5] [FSM]: state: EXEC_TRAJ
[local_sense_cloud-6] [INFO] [1784809523.615615356] [drone_0_local_sense_cloud]: global cloud cached: 31782 points
[ego_planner_node-5] [FSM]: state: EXEC_TRAJ
[ego_planner_node-5] [FSM]: from EXEC_TRAJ to REPLAN_TRAJ
[ego_planner_node-5] [47;30m
[ego_planner_node-5] [drone 0 replan 40]==============================================[0m
[ego_planner_node-5] [1;33mmulti-trajs=1[1;0m
[ego_planner_node-5] [32miter(+1)=5,time(ms)=0.021,total_t(ms)=0.021,cost=0.006
[ego_planner_node-5] [0mtraj 1 success.
[ego_planner_node-5] plan_success=1
[ego_planner_node-5] total time:[42m0.00012[0m,optimize:0.00012,refine:1.8e-06,avg_time=0.00019
[ego_planner_node-5] refine_success=1
[ego_planner_node-5] [FSM]: from REPLAN_TRAJ to EXEC_TRAJ
[ego_planner_node-5] [FSM]: state: EXEC_TRAJ
[map_adapter-2] [INFO] [1784809524.840416119] [map_adapter]: adapted cloud #980 width=33370 occ=136x88 topdown_cells=650
[ego_planner_node-5] [FSM]: state: EXEC_TRAJ
[ego_planner_node-5] [FSM]: from EXEC_TRAJ to REPLAN_TRAJ
[ego_planner_node-5] [47;30m
[ego_planner_node-5] [drone 0 replan 41]==============================================[0m
[ego_planner_node-5] [1;33mmulti-trajs=1[1;0m
[ego_planner_node-5] [32miter(+1)=9,time(ms)=0.019,total_t(ms)=0.019,cost=0.027
[ego_planner_node-5] [0mtraj 1 success.
[ego_planner_node-5] plan_success=1
[ego_planner_node-5] total time:[42m8.9e-05[0m,optimize:8.8e-05,refine:1.1e-06,avg_time=0.00019
[ego_planner_node-5] refine_success=1
[ego_planner_node-5] [FSM]: from REPLAN_TRAJ to EXEC_TRAJ
[ego_planner_node-5] [FSM]: state: EXEC_TRAJ
[map_adapter-2] [INFO] [1784809527.043093415] [map_adapter]: adapted cloud #1000 width=33370 occ=136x88 topdown_cells=650
[local_sense_cloud-6] [INFO] [1784809527.574296018] [drone_0_local_sense_cloud]: local cloud #1100: 2122 pts @ (8.0,0.6,1.1)
[ego_planner_node-5] [FSM]: state: EXEC_TRAJ
[local_sense_cloud-6] [INFO] [1784809528.713962259] [drone_0_local_sense_cloud]: global cloud cached: 31782 points
[ego_planner_node-5] [FSM]: state: EXEC_TRAJ
[map_adapter-2] [INFO] [1784809529.283023331] [map_adapter]: adapted cloud #1020 width=33370 occ=136x88 topdown_cells=650
[ego_planner_node-5] [FSM]: from EXEC_TRAJ to REPLAN_TRAJ
[ego_planner_node-5] [47;30m
[ego_planner_node-5] [drone 0 replan 42]==============================================[0m
[ego_planner_node-5] [1;33mmulti-trajs=1[1;0m
[ego_planner_node-5] [32miter(+1)=10,time(ms)=0.047,total_t(ms)=0.048,cost=0.029
[ego_planner_node-5] [0mtraj 1 success.
[ego_planner_node-5] plan_success=1
[ego_planner_node-5] total time:[42m0.00017[0m,optimize:0.00017,refine:2e-06,avg_time=0.00019
[ego_planner_node-5] refine_success=1
[ego_planner_node-5] [FSM]: from REPLAN_TRAJ to EXEC_TRAJ
[ego_planner_node-5] [FSM]: state: EXEC_TRAJ
[ego_planner_node-5] [FSM]: state: EXEC_TRAJ
[map_adapter-2] [INFO] [1784809531.504099586] [map_adapter]: adapted cloud #1040 width=33370 occ=136x88 topdown_cells=650
[ego_planner_node-5] [FSM]: state: EXEC_TRAJ
[local_sense_cloud-6] [INFO] [1784809532.575343757] [drone_0_local_sense_cloud]: local cloud #1150: 3209 pts @ (8.0,-1.3,1.1)
[ego_planner_node-5] [FSM]: from EXEC_TRAJ to REPLAN_TRAJ
[ego_planner_node-5] [47;30m
[ego_planner_node-5] [drone 0 replan 43]==============================================[0m
[ego_planner_node-5] [1;33mmulti-trajs=1[1;0m
[ego_planner_node-5] iter=5,time(ms)=0.13,rebound.
[ego_planner_node-5] iter=17,time(ms)=0.045,rebound.
[ego_planner_node-5] [32miter(+1)=16,time(ms)=0.026, collided, keep optimizing
[ego_planner_node-5] [0m[32miter(+1)=9,time(ms)=0.014,total_t(ms)=0.244,cost=0.347
[ego_planner_node-5] [0mtraj 1 success.
[ego_planner_node-5] plan_success=1
[ego_planner_node-5] total time:[42m0.00031[0m,optimize:0.00031,refine:1.6e-06,avg_time=0.00019
[ego_planner_node-5] refine_success=1
[ego_planner_node-5] [FSM]: from REPLAN_TRAJ to EXEC_TRAJ
[ego_planner_node-5] [FSM]: state: EXEC_TRAJ
[local_sense_cloud-6] [INFO] [1784809533.718983213] [drone_0_local_sense_cloud]: global cloud cached: 31782 points
[map_adapter-2] [INFO] [1784809533.807835068] [map_adapter]: adapted cloud #1060 width=33370 occ=136x88 topdown_cells=650
[ego_planner_node-5] [FSM]: state: EXEC_TRAJ
[ego_planner_node-5] [FSM]: state: EXEC_TRAJ
[ego_planner_node-5] [FSM]: from EXEC_TRAJ to REPLAN_TRAJ
[ego_planner_node-5] [47;30m
[ego_planner_node-5] [drone 0 replan 44]==============================================[0m
[ego_planner_node-5] [1;33mmulti-trajs=1[1;0m
[ego_planner_node-5] [32miter(+1)=10,time(ms)=0.047,total_t(ms)=0.047,cost=0.035
[ego_planner_node-5] [0mtraj 1 success.
[ego_planner_node-5] plan_success=1
[ego_planner_node-5] total time:[42m0.00016[0m,optimize:0.00016,refine:3.6e-06,avg_time=0.00019
[ego_planner_node-5] refine_success=1
[ego_planner_node-5] [FSM]: from REPLAN_TRAJ to EXEC_TRAJ
[map_adapter-2] [INFO] [1784809535.914031181] [map_adapter]: adapted cloud #1080 width=33370 occ=136x88 topdown_cells=650
[ego_planner_node-5] [FSM]: state: EXEC_TRAJ
[ego_planner_node-5] [FSM]: state: EXEC_TRAJ
[local_sense_cloud-6] [INFO] [1784809537.574048203] [drone_0_local_sense_cloud]: local cloud #1200: 3907 pts @ (8.1,-3.1,1.1)
[ego_planner_node-5] [FSM]: state: EXEC_TRAJ
[map_adapter-2] [INFO] [1784809538.018941404] [map_adapter]: adapted cloud #1100 width=33370 occ=136x88 topdown_cells=650
[local_sense_cloud-6] [INFO] [1784809538.816260155] [drone_0_local_sense_cloud]: global cloud cached: 31782 points
[ego_planner_node-5] [FSM]: from EXEC_TRAJ to REPLAN_TRAJ
[ego_planner_node-5] [47;30m
[ego_planner_node-5] [drone 0 replan 45]==============================================[0m
[ego_planner_node-5] [1;33mmulti-trajs=1[1;0m
[ego_planner_node-5] [32miter(+1)=11,time(ms)=0.019,total_t(ms)=0.020,cost=0.021
[ego_planner_node-5] [0mtraj 1 success.
[ego_planner_node-5] plan_success=1
[ego_planner_node-5] total time:[42m6.1e-05[0m,optimize:6e-05,refine:9.8e-07,avg_time=0.00019
[ego_planner_node-5] refine_success=1
[ego_planner_node-5] [FSM]: from REPLAN_TRAJ to EXEC_TRAJ
[ego_planner_node-5] [FSM]: state: EXEC_TRAJ
[ego_planner_node-5] [FSM]: state: EXEC_TRAJ
[map_adapter-2] [INFO] [1784809540.100548923] [map_adapter]: adapted cloud #1120 width=33370 occ=136x88 topdown_cells=650
[ego_planner_node-5] [FSM]: state: EXEC_TRAJ
[ego_planner_node-5] [FSM]: state: EXEC_TRAJ
[map_adapter-2] [INFO] [1784809542.316209574] [map_adapter]: adapted cloud #1140 width=33370 occ=136x88 topdown_cells=650
[local_sense_cloud-6] [INFO] [1784809542.574935645] [drone_0_local_sense_cloud]: local cloud #1250: 4144 pts @ (7.5,-4.8,1.1)
[ego_planner_node-5] [FSM]: state: EXEC_TRAJ
[local_sense_cloud-6] [INFO] [1784809543.841532441] [drone_0_local_sense_cloud]: global cloud cached: 31782 points
[ego_planner_node-5] [FSM]: state: EXEC_TRAJ
[map_adapter-2] [INFO] [1784809544.568301447] [map_adapter]: adapted cloud #1160 width=33370 occ=136x88 topdown_cells=650
[ego_planner_node-5] [FSM]: state: EXEC_TRAJ
[ego_planner_node-5] [FSM]: state: EXEC_TRAJ
[ego_planner_node-5] [FSM]: from EXEC_TRAJ to WAIT_TARGET
[map_adapter-2] [INFO] [1784809546.870445206] [map_adapter]: adapted cloud #1180 width=33370 occ=136x88 topdown_cells=650
[ego_planner_node-5] [FSM]: state: WAIT_TARGET
[ego_planner_node-5] wait for goal or trigger.
[ego_planner_node-5] Triggered!
[waypoint_publisher-10] [INFO] [1784809547.485613677] [waypoint_publisher]: Waypoint cycle 1/1 4/8: (-8.00, -6.00, 1.00)
[ego_planner_node-5] [FSM]: from WAIT_TARGET to SEQUENTIAL_START
[ego_planner_node-5] [WARN] [1784809547.497515699] [distinctiveTrajs]: base_point and control point are too close!
[ego_planner_node-5] [47;30m
[ego_planner_node-5] [drone 0 replan 46]==============================================[0m
[ego_planner_node-5] base_point= 6.8 -6.2 0.98 control point= 6.8 -6.1 0.98
[ego_planner_node-5] [1;33mmulti-trajs=1[1;0m
[ego_planner_node-5] [32miter(+1)=23,time(ms)=0.101,total_t(ms)=0.101,cost=0.293
[ego_planner_node-5] [0mtraj 1 success.
[ego_planner_node-5] plan_success=1
[ego_planner_node-5] Need to reallocate time.
[ego_planner_node-5] total time:[42m0.00085[0m,optimize:0.00065,refine:0.0002,avg_time=0.0002
[ego_planner_node-5] refine_success=1
[ego_planner_node-5] [FSM]: from SEQUENTIAL_START to EXEC_TRAJ
[local_sense_cloud-6] [INFO] [1784809547.576098652] [drone_0_local_sense_cloud]: local cloud #1300: 5190 pts @ (7.9,-6.0,1.1)
[ego_planner_node-5] Triggered!
[ego_planner_node-5] [TRIG]: from EXEC_TRAJ to REPLAN_TRAJ
[ego_planner_node-5] [47;30m
[ego_planner_node-5] [drone 0 replan 47]==============================================[0m
[ego_planner_node-5] [1;33mmulti-trajs=2[1;0m
[ego_planner_node-5] iter=23,time(ms)=0.13,rebound.
[ego_planner_node-5] [32miter(+1)=13,time(ms)=0.029, collided, keep optimizing
[ego_planner_node-5] [0miter=25,time(ms)=0.081,rebound.
[ego_planner_node-5] iter=22,time(ms)=0.071,rebound.
[ego_planner_node-5] [32miter(+1)=28,time(ms)=0.079,total_t(ms)=0.422,cost=0.502
[ego_planner_node-5] [0mtraj 1 success.
[ego_planner_node-5] iter=6,time(ms)=0.094,rebound.
[ego_planner_node-5] iter=23,time(ms)=0.13,rebound.
[ego_planner_node-5] [32miter(+1)=16,time(ms)=0.039,total_t(ms)=0.264,cost=0.479
[ego_planner_node-5] [0mtraj 2 success.
[ego_planner_node-5] plan_success=1
[ego_planner_node-5] Need to reallocate time.
[ego_planner_node-5] total time:[42m0.0013[0m,optimize:0.0012,refine:0.00013,avg_time=0.00023
[ego_planner_node-5] refine_success=1
[ego_planner_node-5] [FSM]: from REPLAN_TRAJ to EXEC_TRAJ
[ego_planner_node-5] [FSM]: state: EXEC_TRAJ
[ego_planner_node-5] Triggered!
[ego_planner_node-5] [TRIG]: from EXEC_TRAJ to REPLAN_TRAJ
[ego_planner_node-5] [47;30m
[ego_planner_node-5] [drone 0 replan 48]==============================================[0m
[ego_planner_node-5] [1;33mmulti-trajs=2[1;0m
[ego_planner_node-5] [32miter(+1)=29,time(ms)=0.095, collided, keep optimizing
[ego_planner_node-5] [0m[32miter(+1)=15,time(ms)=0.037, collided, keep optimizing
[ego_planner_node-5] [0miter=19,time(ms)=0.071,rebound.
[ego_planner_node-5] [32miter(+1)=20,time(ms)=0.049,total_t(ms)=0.299,cost=0.767
[ego_planner_node-5] [0mtraj 1 success.
[ego_planner_node-5] iter=11,time(ms)=0.036,rebound.
[ego_planner_node-5] iter=19,time(ms)=0.056,rebound.
[ego_planner_node-5] [32miter(+1)=13,time(ms)=0.029,total_t(ms)=0.125,cost=0.286
[ego_planner_node-5] [0mtraj 2 success.
[ego_planner_node-5] plan_success=1
[ego_planner_node-5] Need to reallocate time.
[ego_planner_node-5] [34mThis refined trajectory hits obstacles. It doesn't matter if appeares occasionally. But if continously appearing, Increase parameter "lambda_fitness".
[ego_planner_node-5] [0mrefine_success=0
[ego_planner_node-5] [47;30m
[ego_planner_node-5] [drone 0 replan 49]==============================================[0m
[ego_planner_node-5] [1;33mmulti-trajs=2[1;0m
[ego_planner_node-5] [32miter(+1)=29,time(ms)=0.077, collided, keep optimizing
[ego_planner_node-5] [0m[32miter(+1)=15,time(ms)=0.032, collided, keep optimizing
[ego_planner_node-5] [0miter=19,time(ms)=0.053,rebound.
[ego_planner_node-5] [32miter(+1)=20,time(ms)=0.046,total_t(ms)=0.236,cost=0.767
[ego_planner_node-5] [0mtraj 1 success.
[ego_planner_node-5] iter=11,time(ms)=0.033,rebound.
[ego_planner_node-5] iter=19,time(ms)=0.051,rebound.
[ego_planner_node-5] [32miter(+1)=13,time(ms)=0.027,total_t(ms)=0.113,cost=0.286
[ego_planner_node-5] [0mtraj 2 success.
[ego_planner_node-5] plan_success=1
[ego_planner_node-5] Need to reallocate time.
[ego_planner_node-5] [34mThis refined trajectory hits obstacles. It doesn't matter if appeares occasionally. But if continously appearing, Increase parameter "lambda_fitness".
[ego_planner_node-5] [0mrefine_success=0
[ego_planner_node-5] [47;30m
[ego_planner_node-5] [drone 0 replan 50]==============================================[0m
[ego_planner_node-5] [1;33mmulti-trajs=2[1;0m
[ego_planner_node-5] iter=19,time(ms)=0.093,rebound.
[ego_planner_node-5] [32miter(+1)=29,time(ms)=0.117,total_t(ms)=0.215,cost=0.251
[ego_planner_node-5] [0mtraj 1 success.
[ego_planner_node-5] iter=21,time(ms)=0.077,rebound.
[ego_planner_node-5] iter=10,time(ms)=0.033,rebound.
[ego_planner_node-5] [32miter(+1)=14,time(ms)=0.045, collided, keep optimizing
[ego_planner_node-5] [0m[32miter(+1)=8,time(ms)=0.023,total_t(ms)=0.192,cost=0.730
[ego_planner_node-5] [0mtraj 2 success.
[ego_planner_node-5] plan_success=1
[ego_planner_node-5] Need to reallocate time.
[ego_planner_node-5] total time:[42m0.0016[0m,optimize:0.0014,refine:0.00021,avg_time=0.00025
[ego_planner_node-5] refine_success=1
[ego_planner_node-5] [FSM]: from REPLAN_TRAJ to EXEC_TRAJ
[local_sense_cloud-6] [INFO] [1784809548.924108861] [drone_0_local_sense_cloud]: global cloud cached: 31782 points
[map_adapter-2] [INFO] [1784809549.060276693] [map_adapter]: adapted cloud #1200 width=33370 occ=136x88 topdown_cells=650
[ego_planner_node-5] [FSM]: state: EXEC_TRAJ
[ego_planner_node-5] Triggered!
[ego_planner_node-5] [TRIG]: from EXEC_TRAJ to REPLAN_TRAJ
[ego_planner_node-5] [47;30m
[ego_planner_node-5] [drone 0 replan 51]==============================================[0m
[ego_planner_node-5] [1;33mmulti-trajs=2[1;0m
[ego_planner_node-5] iter=5,time(ms)=0.052,rebound.
[ego_planner_node-5] [32miter(+1)=33,time(ms)=0.098, collided, keep optimizing
[ego_planner_node-5] [0m[32miter(+1)=19,time(ms)=0.048, collided, keep optimizing
[ego_planner_node-5] [0m[32miter(+1)=31,time(ms)=0.085, collided, keep optimizing
[ego_planner_node-5] [0mtraj 1 failed.
[ego_planner_node-5] iter=13,time(ms)=0.06,rebound.
[ego_planner_node-5] [32miter(+1)=17,time(ms)=0.038,total_t(ms)=0.100,cost=0.318
[ego_planner_node-5] [0mtraj 2 success.
[ego_planner_node-5] plan_success=1
[ego_planner_node-5] Need to reallocate time.
[ego_planner_node-5] [34mThis refined trajectory hits obstacles. It doesn't matter if appeares occasionally. But if continously appearing, Increase parameter "lambda_fitness".
[ego_planner_node-5] [0mrefine_success=0
[ego_planner_node-5] [47;30m
[ego_planner_node-5] [drone 0 replan 52]==============================================[0m
[ego_planner_node-5] [1;33mmulti-trajs=2[1;0m
[ego_planner_node-5] iter=5,time(ms)=0.031,rebound.
[ego_planner_node-5] [32miter(+1)=33,time(ms)=0.095, collided, keep optimizing
[ego_planner_node-5] [0m[32miter(+1)=19,time(ms)=0.048, collided, keep optimizing
[ego_planner_node-5] [0m[32miter(+1)=31,time(ms)=0.087, collided, keep optimizing
[ego_planner_node-5] [0mtraj 1 failed.
[ego_planner_node-5] iter=13,time(ms)=0.061,rebound.
[ego_planner_node-5] [32miter(+1)=17,time(ms)=0.039,total_t(ms)=0.103,cost=0.318
[ego_planner_node-5] [0mtraj 2 success.
[ego_planner_node-5] plan_success=1
[ego_planner_node-5] Need to reallocate time.
[ego_planner_node-5] [34mThis refined trajectory hits obstacles. It doesn't matter if appeares occasionally. But if continously appearing, Increase parameter "lambda_fitness".
[ego_planner_node-5] [0mrefine_success=0
[ego_planner_node-5] [47;30m
[ego_planner_node-5] [drone 0 replan 53]==============================================[0m
[ego_planner_node-5] [1;33mmulti-trajs=2[1;0m
[ego_planner_node-5] iter=42,time(ms)=0.14,rebound.
[ego_planner_node-5] [32miter(+1)=17,time(ms)=0.037, collided, keep optimizing
[ego_planner_node-5] [0m[32miter(+1)=20,time(ms)=0.051,total_t(ms)=0.265,cost=0.595
[ego_planner_node-5] [0mtraj 1 success.
[ego_planner_node-5] [32miter(+1)=20,time(ms)=0.057,total_t(ms)=0.057,cost=0.150
[ego_planner_node-5] [0mtraj 2 success.
[ego_planner_node-5] plan_success=1
[ego_planner_node-5] Need to reallocate time.
[ego_planner_node-5] total time:[42m0.00068[0m,optimize:0.00051,refine:0.00017,avg_time=0.00026
[ego_planner_node-5] refine_success=1
[ego_planner_node-5] [FSM]: from REPLAN_TRAJ to EXEC_TRAJ
[ego_planner_node-5] Triggered!
[ego_planner_node-5] [TRIG]: from EXEC_TRAJ to REPLAN_TRAJ
[ego_planner_node-5] [WARN] [1784809549.894904836] [distinctiveTrajs]: base_point and control point are too close!
[ego_planner_node-5] [47;30m
[ego_planner_node-5] [drone 0 replan 54]==============================================[0m
[ego_planner_node-5] base_point= 6.7 -6.1 0.88 control point=6.7  -6 0.9
[ego_planner_node-5] [1;33mmulti-trajs=1[1;0m
[ego_planner_node-5] [32miter(+1)=21,time(ms)=0.071,total_t(ms)=0.071,cost=0.138
[ego_planner_node-5] [0mtraj 1 success.
[ego_planner_node-5] plan_success=1
[ego_planner_node-5] Need to reallocate time.
[ego_planner_node-5] total time:[42m0.0009[0m,optimize:0.00072,refine:0.00018,avg_time=0.00028
[ego_planner_node-5] refine_success=1
[ego_planner_node-5] [FSM]: from REPLAN_TRAJ to EXEC_TRAJ
[ego_planner_node-5] [FSM]: state: EXEC_TRAJ
[ego_planner_node-5] Triggered!
[ego_planner_node-5] [TRIG]: from EXEC_TRAJ to REPLAN_TRAJ
[ego_planner_node-5] [47;30m
[ego_planner_node-5] [drone 0 replan 55]==============================================[0m
[ego_planner_node-5] [1;33mmulti-trajs=1[1;0m
[ego_planner_node-5] [32miter(+1)=1,time(ms)=0.028,total_t(ms)=0.029,cost=0.049
[ego_planner_node-5] [0mtraj 1 success.
[ego_planner_node-5] plan_success=1
[ego_planner_node-5] Need to reallocate time.
[ego_planner_node-5] total time:[42m0.00027[0m,optimize:0.00018,refine:9e-05,avg_time=0.00027
[ego_planner_node-5] refine_success=1
[ego_planner_node-5] [FSM]: from REPLAN_TRAJ to EXEC_TRAJ
[ego_planner_node-5] [FSM]: state: EXEC_TRAJ
[map_adapter-2] [INFO] [1784809551.266901366] [map_adapter]: adapted cloud #1220 width=33370 occ=136x88 topdown_cells=650
[ego_planner_node-5] [FSM]: state: EXEC_TRAJ
[local_sense_cloud-6] [INFO] [1784809552.611914249] [drone_0_local_sense_cloud]: local cloud #1350: 4845 pts @ (7.4,-6.2,1.0)
[ego_planner_node-5] [FSM]: state: EXEC_TRAJ
[ego_planner_node-5] [FSM]: from EXEC_TRAJ to REPLAN_TRAJ
[ego_planner_node-5] [47;30m
[ego_planner_node-5] [drone 0 replan 56]==============================================[0m
[ego_planner_node-5] [1;33mmulti-trajs=1[1;0m
[ego_planner_node-5] [32miter(+1)=5,time(ms)=0.022,total_t(ms)=0.022,cost=0.011
[ego_planner_node-5] [0mtraj 1 success.
[ego_planner_node-5] plan_success=1
[ego_planner_node-5] Need to reallocate time.
[ego_planner_node-5] total time:[42m0.00029[0m,optimize:0.00013,refine:0.00016,avg_time=0.00028
[ego_planner_node-5] refine_success=1
[ego_planner_node-5] [FSM]: from REPLAN_TRAJ to EXEC_TRAJ
[map_adapter-2] [INFO] [1784809553.538740294] [map_adapter]: adapted cloud #1240 width=33370 occ=136x88 topdown_cells=650
[local_sense_cloud-6] [INFO] [1784809553.959005711] [drone_0_local_sense_cloud]: global cloud cached: 31782 points
[ego_planner_node-5] [FSM]: state: EXEC_TRAJ
[ego_planner_node-5] [FSM]: state: EXEC_TRAJ
[map_adapter-2] [INFO] [1784809556.002442938] [map_adapter]: adapted cloud #1260 width=33370 occ=136x88 topdown_cells=650
[ego_planner_node-5] [FSM]: state: EXEC_TRAJ
[ego_planner_node-5] [FSM]: from EXEC_TRAJ to REPLAN_TRAJ
[ego_planner_node-5] [47;30m
[ego_planner_node-5] [drone 0 replan 57]==============================================[0m
[ego_planner_node-5] [1;33mmulti-trajs=1[1;0m
[ego_planner_node-5] [32miter(+1)=9,time(ms)=0.021,total_t(ms)=0.022,cost=0.015
[ego_planner_node-5] [0mtraj 1 success.
[ego_planner_node-5] plan_success=1
[ego_planner_node-5] total time:[42m9.8e-05[0m,optimize:9.6e-05,refine:1.3e-06,avg_time=0.00027
[ego_planner_node-5] refine_success=1
[ego_planner_node-5] [FSM]: from REPLAN_TRAJ to EXEC_TRAJ
[ego_planner_node-5] [FSM]: state: EXEC_TRAJ
[local_sense_cloud-6] [INFO] [1784809557.575180745] [drone_0_local_sense_cloud]: local cloud #1400: 4683 pts @ (5.6,-6.6,0.9)
[map_adapter-2] [INFO] [1784809558.304102910] [map_adapter]: adapted cloud #1280 width=33370 occ=136x88 topdown_cells=650
[ego_planner_node-5] [FSM]: state: EXEC_TRAJ
[local_sense_cloud-6] [INFO] [1784809559.033267289] [drone_0_local_sense_cloud]: global cloud cached: 31782 points
[ego_planner_node-5] [FSM]: state: EXEC_TRAJ
[ego_planner_node-5] [FSM]: from EXEC_TRAJ to REPLAN_TRAJ
[ego_planner_node-5] [47;30m
[ego_planner_node-5] [drone 0 replan 58]==============================================[0m
[ego_planner_node-5] [1;33mmulti-trajs=1[1;0m
[ego_planner_node-5] [32miter(+1)=5,time(ms)=0.019,total_t(ms)=0.020,cost=0.006
[ego_planner_node-5] [0mtraj 1 success.
[ego_planner_node-5] plan_success=1
[ego_planner_node-5] Need to reallocate time.
[ego_planner_node-5] total time:[42m0.00021[0m,optimize:9e-05,refine:0.00012,avg_time=0.00027
[ego_planner_node-5] refine_success=1
[ego_planner_node-5] [FSM]: from REPLAN_TRAJ to EXEC_TRAJ
[ego_planner_node-5] [FSM]: state: EXEC_TRAJ
[map_adapter-2] [INFO] [1784809560.566618701] [map_adapter]: adapted cloud #1300 width=33370 occ=136x88 topdown_cells=650
[ego_planner_node-5] [FSM]: state: EXEC_TRAJ
[ego_planner_node-5] [FSM]: state: EXEC_TRAJ
[ego_planner_node-5] [FSM]: from EXEC_TRAJ to REPLAN_TRAJ
[ego_planner_node-5] [47;30m
[ego_planner_node-5] [drone 0 replan 59]==============================================[0m
[ego_planner_node-5] [1;33mmulti-trajs=1[1;0m
[ego_planner_node-5] [32miter(+1)=5,time(ms)=0.021,total_t(ms)=0.022,cost=0.007
[ego_planner_node-5] [0mtraj 1 success.
[ego_planner_node-5] plan_success=1
[ego_planner_node-5] total time:[42m0.00012[0m,optimize:0.00011,refine:1.8e-06,avg_time=0.00027
[ego_planner_node-5] refine_success=1
[ego_planner_node-5] [FSM]: from REPLAN_TRAJ to EXEC_TRAJ
[local_sense_cloud-6] [INFO] [1784809562.575055913] [drone_0_local_sense_cloud]: local cloud #1450: 3483 pts @ (3.8,-6.4,1.0)
[map_adapter-2] [INFO] [1784809562.821467963] [map_adapter]: adapted cloud #1320 width=33370 occ=136x88 topdown_cells=650
[ego_planner_node-5] [FSM]: state: EXEC_TRAJ
[local_sense_cloud-6] [INFO] [1784809564.122650211] [drone_0_local_sense_cloud]: global cloud cached: 31782 points
[ego_planner_node-5] [FSM]: state: EXEC_TRAJ
[map_adapter-2] [INFO] [1784809565.097073623] [map_adapter]: adapted cloud #1340 width=33370 occ=136x88 topdown_cells=650
[ego_planner_node-5] [FSM]: state: EXEC_TRAJ
[ego_planner_node-5] [FSM]: from EXEC_TRAJ to REPLAN_TRAJ
[ego_planner_node-5] [47;30m
[ego_planner_node-5] [drone 0 replan 60]==============================================[0m
[ego_planner_node-5] [1;33mmulti-trajs=1[1;0m
[ego_planner_node-5] [32miter(+1)=8,time(ms)=0.036,total_t(ms)=0.036,cost=0.012
[ego_planner_node-5] [0mtraj 1 success.
[ego_planner_node-5] plan_success=1
[ego_planner_node-5] total time:[42m0.00017[0m,optimize:0.00017,refine:3e-06,avg_time=0.00027
[ego_planner_node-5] refine_success=1
[ego_planner_node-5] [FSM]: from REPLAN_TRAJ to EXEC_TRAJ
[ego_planner_node-5] [FSM]: state: EXEC_TRAJ
[map_adapter-2] [INFO] [1784809567.359711474] [map_adapter]: adapted cloud #1360 width=33370 occ=136x88 topdown_cells=650
[ego_planner_node-5] [FSM]: state: EXEC_TRAJ
[local_sense_cloud-6] [INFO] [1784809567.574707791] [drone_0_local_sense_cloud]: local cloud #1500: 2960 pts @ (2.0,-6.1,1.1)
[ego_planner_node-5] [FSM]: state: EXEC_TRAJ
[ego_planner_node-5] [FSM]: from EXEC_TRAJ to REPLAN_TRAJ
[ego_planner_node-5] [47;30m
[ego_planner_node-5] [drone 0 replan 61]==============================================[0m
[ego_planner_node-5] [1;33mmulti-trajs=1[1;0m
[ego_planner_node-5] [32miter(+1)=4,time(ms)=0.022,total_t(ms)=0.022,cost=0.002
[ego_planner_node-5] [0mtraj 1 success.
[ego_planner_node-5] plan_success=1
[ego_planner_node-5] total time:[42m0.00015[0m,optimize:0.00014,refine:1.9e-06,avg_time=0.00026
[ego_planner_node-5] refine_success=1
[ego_planner_node-5] [FSM]: from REPLAN_TRAJ to EXEC_TRAJ
[local_sense_cloud-6] [INFO] [1784809569.214847747] [drone_0_local_sense_cloud]: global cloud cached: 31782 points
[ego_planner_node-5] [FSM]: state: EXEC_TRAJ
[map_adapter-2] [INFO] [1784809569.616113567] [map_adapter]: adapted cloud #1380 width=33370 occ=136x88 topdown_cells=650
[ego_planner_node-5] [FSM]: state: EXEC_TRAJ
[ego_planner_node-5] [FSM]: state: EXEC_TRAJ
[ego_planner_node-5] [FSM]: from EXEC_TRAJ to REPLAN_TRAJ
[ego_planner_node-5] [47;30m
[ego_planner_node-5] [drone 0 replan 62]==============================================[0m
[ego_planner_node-5] [1;33mmulti-trajs=1[1;0m
[ego_planner_node-5] [32miter(+1)=3,time(ms)=0.020,total_t(ms)=0.021,cost=0.001
[ego_planner_node-5] [0mtraj 1 success.
[ego_planner_node-5] plan_success=1
[ego_planner_node-5] total time:[42m0.00015[0m,optimize:0.00015,refine:2.1e-06,avg_time=0.00026
[ego_planner_node-5] refine_success=1
[ego_planner_node-5] [FSM]: from REPLAN_TRAJ to EXEC_TRAJ
[map_adapter-2] [INFO] [1784809571.777030185] [map_adapter]: adapted cloud #1400 width=33370 occ=136x88 topdown_cells=650
[ego_planner_node-5] [FSM]: state: EXEC_TRAJ
[local_sense_cloud-6] [INFO] [1784809572.575256104] [drone_0_local_sense_cloud]: local cloud #1550: 3675 pts @ (0.1,-6.0,1.1)
[ego_planner_node-5] [FSM]: state: EXEC_TRAJ
[map_adapter-2] [INFO] [1784809573.998650767] [map_adapter]: adapted cloud #1420 width=33370 occ=136x88 topdown_cells=650
[local_sense_cloud-6] [INFO] [1784809574.319780372] [drone_0_local_sense_cloud]: global cloud cached: 31782 points
[ego_planner_node-5] [FSM]: state: EXEC_TRAJ
[ego_planner_node-5] [FSM]: from EXEC_TRAJ to REPLAN_TRAJ
[ego_planner_node-5] [47;30m
[ego_planner_node-5] [drone 0 replan 63]==============================================[0m
[ego_planner_node-5] [1;33mmulti-trajs=1[1;0m
[ego_planner_node-5] [32miter(+1)=9,time(ms)=0.026,total_t(ms)=0.027,cost=0.014
[ego_planner_node-5] [0mtraj 1 success.
[ego_planner_node-5] plan_success=1
[ego_planner_node-5] total time:[42m0.00012[0m,optimize:0.00011,refine:1.6e-06,avg_time=0.00026
[ego_planner_node-5] refine_success=1
[ego_planner_node-5] [FSM]: from REPLAN_TRAJ to EXEC_TRAJ
[ego_planner_node-5] [FSM]: state: EXEC_TRAJ
[map_adapter-2] [INFO] [1784809576.244664946] [map_adapter]: adapted cloud #1440 width=33370 occ=136x88 topdown_cells=650
[ego_planner_node-5] [FSM]: state: EXEC_TRAJ
[local_sense_cloud-6] [INFO] [1784809577.575451154] [drone_0_local_sense_cloud]: local cloud #1600: 4704 pts @ (-1.7,-6.0,1.1)
[ego_planner_node-5] [FSM]: state: EXEC_TRAJ
[ego_planner_node-5] [FSM]: from EXEC_TRAJ to REPLAN_TRAJ
[ego_planner_node-5] [47;30m
[ego_planner_node-5] [drone 0 replan 64]==============================================[0m
[ego_planner_node-5] [1;33mmulti-trajs=1[1;0m
[ego_planner_node-5] [32miter(+1)=9,time(ms)=0.027,total_t(ms)=0.027,cost=0.017
[ego_planner_node-5] [0mtraj 1 success.
[ego_planner_node-5] plan_success=1
[ego_planner_node-5] total time:[42m9.9e-05[0m,optimize:9.7e-05,refine:1.6e-06,avg_time=0.00026
[ego_planner_node-5] refine_success=1
[ego_planner_node-5] [FSM]: from REPLAN_TRAJ to EXEC_TRAJ
[map_adapter-2] [INFO] [1784809578.443885441] [map_adapter]: adapted cloud #1460 width=33370 occ=136x88 topdown_cells=650
[ego_planner_node-5] [FSM]: state: EXEC_TRAJ
[local_sense_cloud-6] [INFO] [1784809579.326569227] [drone_0_local_sense_cloud]: global cloud cached: 31782 points
[ego_planner_node-5] [FSM]: state: EXEC_TRAJ
[map_adapter-2] [INFO] [1784809580.611059770] [map_adapter]: adapted cloud #1480 width=33370 occ=136x88 topdown_cells=650
[ego_planner_node-5] [FSM]: from EXEC_TRAJ to REPLAN_TRAJ
[ego_planner_node-5] [47;30m
[ego_planner_node-5] [drone 0 replan 65]==============================================[0m
[ego_planner_node-5] [1;33mmulti-trajs=1[1;0m
[ego_planner_node-5] [32miter(+1)=9,time(ms)=0.032,total_t(ms)=0.033,cost=0.021
[ego_planner_node-5] [0mtraj 1 success.
[ego_planner_node-5] plan_success=1
[ego_planner_node-5] total time:[42m0.00012[0m,optimize:0.00011,refine:1.8e-06,avg_time=0.00026
[ego_planner_node-5] refine_success=1
[ego_planner_node-5] [FSM]: from REPLAN_TRAJ to EXEC_TRAJ
[ego_planner_node-5] [FSM]: state: EXEC_TRAJ
[ego_planner_node-5] [FSM]: state: EXEC_TRAJ
[local_sense_cloud-6] [INFO] [1784809582.576532462] [drone_0_local_sense_cloud]: local cloud #1650: 3816 pts @ (-3.5,-6.0,1.1)
[ego_planner_node-5] [FSM]: state: EXEC_TRAJ
[map_adapter-2] [INFO] [1784809582.819164967] [map_adapter]: adapted cloud #1500 width=33370 occ=136x88 topdown_cells=650
[ego_planner_node-5] [FSM]: from EXEC_TRAJ to REPLAN_TRAJ
[ego_planner_node-5] [47;30m
[ego_planner_node-5] [drone 0 replan 66]==============================================[0m
[ego_planner_node-5] [1;33mmulti-trajs=1[1;0m
[ego_planner_node-5] [32miter(+1)=9,time(ms)=0.020,total_t(ms)=0.021,cost=0.021
[ego_planner_node-5] [0mtraj 1 success.
[ego_planner_node-5] plan_success=1
[ego_planner_node-5] total time:[42m7.1e-05[0m,optimize:7.1e-05,refine:9e-07,avg_time=0.00025
[ego_planner_node-5] refine_success=1
[ego_planner_node-5] [FSM]: from REPLAN_TRAJ to EXEC_TRAJ
[ego_planner_node-5] [FSM]: state: EXEC_TRAJ
[local_sense_cloud-6] [INFO] [1784809584.334315370] [drone_0_local_sense_cloud]: global cloud cached: 31782 points
[ego_planner_node-5] [FSM]: state: EXEC_TRAJ
[map_adapter-2] [INFO] [1784809585.628572230] [map_adapter]: adapted cloud #1520 width=33370 occ=136x88 topdown_cells=650
[ego_planner_node-5] [FSM]: state: EXEC_TRAJ
[ego_planner_node-5] [FSM]: from EXEC_TRAJ to REPLAN_TRAJ
[ego_planner_node-5] [47;30m
[ego_planner_node-5] [drone 0 replan 67]==============================================[0m
[ego_planner_node-5] [1;33mmulti-trajs=1[1;0m
[ego_planner_node-5] [32miter(+1)=8,time(ms)=0.023,total_t(ms)=0.023,cost=0.028
[ego_planner_node-5] [0mtraj 1 success.
[ego_planner_node-5] plan_success=1
[ego_planner_node-5] total time:[42m9e-05[0m,optimize:8.8e-05,refine:2.1e-06,avg_time=0.00025
[ego_planner_node-5] refine_success=1
[ego_planner_node-5] [FSM]: from REPLAN_TRAJ to EXEC_TRAJ
[ego_planner_node-5] [FSM]: state: EXEC_TRAJ
[local_sense_cloud-6] [INFO] [1784809587.575495877] [drone_0_local_sense_cloud]: local cloud #1700: 4366 pts @ (-5.3,-6.0,1.1)
[ego_planner_node-5] [FSM]: state: EXEC_TRAJ
[map_adapter-2] [INFO] [1784809587.820760503] [map_adapter]: adapted cloud #1540 width=33370 occ=136x88 topdown_cells=650
[ego_planner_node-5] [FSM]: state: EXEC_TRAJ
[local_sense_cloud-6] [INFO] [1784809589.335853960] [drone_0_local_sense_cloud]: global cloud cached: 31782 points
[ego_planner_node-5] [FSM]: state: EXEC_TRAJ
[map_adapter-2] [INFO] [1784809590.042494585] [map_adapter]: adapted cloud #1560 width=33370 occ=136x88 topdown_cells=650
[ego_planner_node-5] [FSM]: state: EXEC_TRAJ
[ego_planner_node-5] [FSM]: state: EXEC_TRAJ
[map_adapter-2] [INFO] [1784809592.201265071] [map_adapter]: adapted cloud #1580 width=33370 occ=136x88 topdown_cells=650
[local_sense_cloud-6] [INFO] [1784809592.577549180] [drone_0_local_sense_cloud]: local cloud #1750: 6889 pts @ (-7.0,-6.0,1.1)
[ego_planner_node-5] [FSM]: state: EXEC_TRAJ
[ego_planner_node-5] [FSM]: state: EXEC_TRAJ
[ego_planner_node-5] [FSM]: from EXEC_TRAJ to WAIT_TARGET
[map_adapter-2] [INFO] [1784809594.367540028] [map_adapter]: adapted cloud #1600 width=33370 occ=136x88 topdown_cells=650
[local_sense_cloud-6] [INFO] [1784809594.371526261] [drone_0_local_sense_cloud]: global cloud cached: 31782 points
[ego_planner_node-5] [FSM]: state: WAIT_TARGET
[ego_planner_node-5] wait for goal or trigger.
[ego_planner_node-5] Triggered!
[waypoint_publisher-10] [INFO] [1784809595.485360502] [waypoint_publisher]: Waypoint cycle 1/1 5/8: (8.00, 6.00, 1.00)
[ego_planner_node-5] [FSM]: from WAIT_TARGET to SEQUENTIAL_START
[ego_planner_node-5] [47;30m
[ego_planner_node-5] [drone 0 replan 68]==============================================[0m
[ego_planner_node-5] [1;33mmulti-trajs=1[1;0m
[ego_planner_node-5] [32miter(+1)=1,time(ms)=0.012,total_t(ms)=0.012,cost=0.062
[ego_planner_node-5] [0mtraj 1 success.
[ego_planner_node-5] plan_success=1
[ego_planner_node-5] Need to reallocate time.
[ego_planner_node-5] total time:[42m0.00033[0m,optimize:0.00019,refine:0.00014,avg_time=0.00025
[ego_planner_node-5] refine_success=1
[ego_planner_node-5] [FSM]: from SEQUENTIAL_START to EXEC_TRAJ
[ego_planner_node-5] [FSM]: state: EXEC_TRAJ
[ego_planner_node-5] Triggered!
[ego_planner_node-5] [TRIG]: from EXEC_TRAJ to REPLAN_TRAJ
[ego_planner_node-5] [47;30m
[ego_planner_node-5] [drone 0 replan 69]==============================================[0m
[ego_planner_node-5] [1;33mmulti-trajs=1[1;0m
[ego_planner_node-5] [32miter(+1)=3,time(ms)=0.021,total_t(ms)=0.021,cost=0.037
[ego_planner_node-5] [0mtraj 1 success.
[ego_planner_node-5] plan_success=1
[ego_planner_node-5] Need to reallocate time.
[ego_planner_node-5] total time:[42m0.00026[0m,optimize:0.00015,refine:0.00011,avg_time=0.00025
[ego_planner_node-5] refine_success=1
[ego_planner_node-5] [FSM]: from REPLAN_TRAJ to EXEC_TRAJ
[map_adapter-2] [INFO] [1784809596.499513427] [map_adapter]: adapted cloud #1620 width=33370 occ=136x88 topdown_cells=650
[ego_planner_node-5] Triggered!
[ego_planner_node-5] [TRIG]: from EXEC_TRAJ to REPLAN_TRAJ
[ego_planner_node-5] [47;30m
[ego_planner_node-5] [drone 0 replan 70]==============================================[0m
[ego_planner_node-5] [1;33mmulti-trajs=1[1;0m
[ego_planner_node-5] [32miter(+1)=1,time(ms)=0.013,total_t(ms)=0.013,cost=0.029
[ego_planner_node-5] [0mtraj 1 success.
[ego_planner_node-5] plan_success=1
[ego_planner_node-5] Need to reallocate time.
[ego_planner_node-5] total time:[42m0.00016[0m,optimize:9.8e-05,refine:6.7e-05,avg_time=0.00025
[ego_planner_node-5] refine_success=1
[ego_planner_node-5] [FSM]: from REPLAN_TRAJ to EXEC_TRAJ
[ego_planner_node-5] [FSM]: state: EXEC_TRAJ
[ego_planner_node-5] Triggered!
[ego_planner_node-5] [TRIG]: from EXEC_TRAJ to REPLAN_TRAJ
[ego_planner_node-5] [47;30m
[ego_planner_node-5] [drone 0 replan 71]==============================================[0m
[ego_planner_node-5] [1;33mmulti-trajs=1[1;0m
[ego_planner_node-5] [32miter(+1)=1,time(ms)=0.015,total_t(ms)=0.015,cost=0.022
[ego_planner_node-5] [0mtraj 1 success.
[ego_planner_node-5] plan_success=1
[ego_planner_node-5] Need to reallocate time.
[ego_planner_node-5] total time:[42m0.00026[0m,optimize:0.00018,refine:7.9e-05,avg_time=0.00025
[ego_planner_node-5] refine_success=1
[ego_planner_node-5] [FSM]: from REPLAN_TRAJ to EXEC_TRAJ
[local_sense_cloud-6] [INFO] [1784809597.611569496] [drone_0_local_sense_cloud]: local cloud #1800: 6853 pts @ (-8.0,-6.0,1.1)
[ego_planner_node-5] Triggered!
[ego_planner_node-5] [TRIG]: from EXEC_TRAJ to REPLAN_TRAJ
[ego_planner_node-5] [47;30m
[ego_planner_node-5] [drone 0 replan 72]==============================================[0m
[ego_planner_node-5] [1;33mmulti-trajs=1[1;0m
[ego_planner_node-5] [32miter(+1)=1,time(ms)=0.013,total_t(ms)=0.013,cost=0.019
[ego_planner_node-5] [0mtraj 1 success.
[ego_planner_node-5] plan_success=1
[ego_planner_node-5] total time:[42m0.00012[0m,optimize:0.00012,refine:2e-06,avg_time=0.00025
[ego_planner_node-5] refine_success=1
[ego_planner_node-5] [FSM]: from REPLAN_TRAJ to EXEC_TRAJ
[ego_planner_node-5] [47;30m
[ego_planner_node-5] [drone 0 replan 73]==============================================[0m
[ego_planner_node-5] [1;33mmulti-trajs=1[1;0m
[ego_planner_node-5] iter=5,time(ms)=0.45,rebound.
[ego_planner_node-5] [32miter(+1)=22,time(ms)=0.058,total_t(ms)=0.525,cost=0.045
[ego_planner_node-5] [0mtraj 1 success.
[ego_planner_node-5] plan_success=1
[ego_planner_node-5] total time:[42m0.00064[0m,optimize:0.00064,refine:2e-06,avg_time=0.00025
[ego_planner_node-5] refine_success=1
[ego_planner_node-5] [SAFETY]: from EXEC_TRAJ to EXEC_TRAJ
[ego_planner_node-5] [FSM]: state: EXEC_TRAJ
[ego_planner_node-5] Triggered!
[ego_planner_node-5] [TRIG]: from EXEC_TRAJ to REPLAN_TRAJ
[ego_planner_node-5] [47;30m
[ego_planner_node-5] [drone 0 replan 74]==============================================[0m
[ego_planner_node-5] [1;33mmulti-trajs=1[1;0m
[ego_planner_node-5] [32miter(+1)=1,time(ms)=0.018, collided, keep optimizing
[ego_planner_node-5] [0m[32miter(+1)=1,time(ms)=0.009, collided, keep optimizing
[ego_planner_node-5] [0m[32miter(+1)=1,time(ms)=0.007, collided, keep optimizing
[ego_planner_node-5] [0mtraj 1 failed.
[ego_planner_node-5] plan_success=0
[ego_planner_node-5] refine_success=0
[ego_planner_node-5] [47;30m
[ego_planner_node-5] [drone 0 replan 75]==============================================[0m
[ego_planner_node-5] [1;33mmulti-trajs=1[1;0m
[ego_planner_node-5] [32miter(+1)=1,time(ms)=0.007, collided, keep optimizing
[ego_planner_node-5] [0m[32miter(+1)=1,time(ms)=0.005, collided, keep optimizing
[ego_planner_node-5] [0m[32miter(+1)=1,time(ms)=0.004, collided, keep optimizing
[ego_planner_node-5] [0mtraj 1 failed.
[ego_planner_node-5] plan_success=0
[ego_planner_node-5] refine_success=0
[ego_planner_node-5] [47;30m
[ego_planner_node-5] [drone 0 replan 76]==============================================[0m
[ego_planner_node-5] [1;33mmulti-trajs=2[1;0m
[ego_planner_node-5] [32miter(+1)=35,time(ms)=0.069,total_t(ms)=0.070,cost=0.117
[ego_planner_node-5] [0mtraj 1 success.
[ego_planner_node-5] [32miter(+1)=24,time(ms)=0.040,total_t(ms)=0.040,cost=0.056
[ego_planner_node-5] [0mtraj 2 success.
[ego_planner_node-5] plan_success=1
[ego_planner_node-5] total time:[42m0.00027[0m,optimize:0.00027,refine:1.3e-06,avg_time=0.00025
[ego_planner_node-5] refine_success=1
[ego_planner_node-5] [FSM]: from REPLAN_TRAJ to EXEC_TRAJ
[map_adapter-2] [INFO] [1784809598.681256999] [map_adapter]: adapted cloud #1640 width=33370 occ=136x88 topdown_cells=650
[ego_planner_node-5] [FSM]: state: EXEC_TRAJ
[local_sense_cloud-6] [INFO] [1784809599.404635531] [drone_0_local_sense_cloud]: global cloud cached: 31782 points
[ego_planner_node-5] [FSM]: state: EXEC_TRAJ
[map_adapter-2] [INFO] [1784809601.020880711] [map_adapter]: adapted cloud #1660 width=33370 occ=136x88 topdown_cells=650
[ego_planner_node-5] [FSM]: state: EXEC_TRAJ
[ego_planner_node-5] [FSM]: from EXEC_TRAJ to REPLAN_TRAJ
[ego_planner_node-5] [47;30m
[ego_planner_node-5] [drone 0 replan 77]==============================================[0m
[ego_planner_node-5] [1;33mmulti-trajs=1[1;0m
[ego_planner_node-5] [32miter(+1)=30,time(ms)=0.094,total_t(ms)=0.094,cost=0.061
[ego_planner_node-5] [0mtraj 1 success.
[ego_planner_node-5] plan_success=1
[ego_planner_node-5] total time:[42m0.00021[0m,optimize:0.0002,refine:2.3e-06,avg_time=0.00025
[ego_planner_node-5] refine_success=1
[ego_planner_node-5] [FSM]: from REPLAN_TRAJ to EXEC_TRAJ
[ego_planner_node-5] [FSM]: state: EXEC_TRAJ
[local_sense_cloud-6] [INFO] [1784809602.611550428] [drone_0_local_sense_cloud]: local cloud #1850: 5671 pts @ (-6.0,-5.2,0.7)
[ego_planner_node-5] [FSM]: state: EXEC_TRAJ
[map_adapter-2] [INFO] [1784809603.162705339] [map_adapter]: adapted cloud #1680 width=33370 occ=136x88 topdown_cells=650
[ego_planner_node-5] [FSM]: state: EXEC_TRAJ
[local_sense_cloud-6] [INFO] [1784809604.506135825] [drone_0_local_sense_cloud]: global cloud cached: 31782 points
[ego_planner_node-5] [FSM]: from EXEC_TRAJ to REPLAN_TRAJ
[ego_planner_node-5] [47;30m
[ego_planner_node-5] [drone 0 replan 78]==============================================[0m
[ego_planner_node-5] [1;33mmulti-trajs=1[1;0m
[ego_planner_node-5] [32miter(+1)=15,time(ms)=0.055,total_t(ms)=0.055,cost=0.025
[ego_planner_node-5] [0mtraj 1 success.
[ego_planner_node-5] plan_success=1
[ego_planner_node-5] total time:[42m0.0002[0m,optimize:0.00019,refine:2.2e-06,avg_time=0.00025
[ego_planner_node-5] refine_success=1
[ego_planner_node-5] [FSM]: from REPLAN_TRAJ to EXEC_TRAJ
[ego_planner_node-5] [FSM]: state: EXEC_TRAJ
[map_adapter-2] [INFO] [1784809605.325133274] [map_adapter]: adapted cloud #1700 width=33370 occ=136x88 topdown_cells=650
[ego_planner_node-5] [FSM]: state: EXEC_TRAJ
[ego_planner_node-5] [FSM]: state: EXEC_TRAJ
[map_adapter-2] [INFO] [1784809607.443722130] [map_adapter]: adapted cloud #1720 width=33370 occ=136x88 topdown_cells=650
[ego_planner_node-5] [FSM]: from EXEC_TRAJ to REPLAN_TRAJ
[ego_planner_node-5] [47;30m
[ego_planner_node-5] [drone 0 replan 79]==============================================[0m
[ego_planner_node-5] [1;33mmulti-trajs=1[1;0m
[ego_planner_node-5] [32miter(+1)=23,time(ms)=0.070,total_t(ms)=0.071,cost=0.006
[ego_planner_node-5] [0mtraj 1 success.
[ego_planner_node-5] plan_success=1
[ego_planner_node-5] total time:[42m0.00017[0m,optimize:0.00017,refine:1.8e-06,avg_time=0.00025
[ego_planner_node-5] refine_success=1
[ego_planner_node-5] [FSM]: from REPLAN_TRAJ to EXEC_TRAJ
[local_sense_cloud-6] [INFO] [1784809607.636603163] [drone_0_local_sense_cloud]: local cloud #1900: 3742 pts @ (-4.5,-4.1,0.4)
[ego_planner_node-5] [FSM]: state: EXEC_TRAJ
[ego_planner_node-5] [FSM]: state: EXEC_TRAJ
[map_adapter-2] [INFO] [1784809609.592176736] [map_adapter]: adapted cloud #1740 width=33370 occ=136x88 topdown_cells=650
[local_sense_cloud-6] [INFO] [1784809609.612619872] [drone_0_local_sense_cloud]: global cloud cached: 31782 points
[ego_planner_node-5] [FSM]: state: EXEC_TRAJ
[ego_planner_node-5] [FSM]: from EXEC_TRAJ to REPLAN_TRAJ
[ego_planner_node-5] [47;30m
[ego_planner_node-5] [drone 0 replan 80]==============================================[0m
[ego_planner_node-5] [1;33mmulti-trajs=1[1;0m
[ego_planner_node-5] [32miter(+1)=11,time(ms)=0.031,total_t(ms)=0.031,cost=0.004
[ego_planner_node-5] [0mtraj 1 success.
[ego_planner_node-5] plan_success=1
[ego_planner_node-5] total time:[42m0.00011[0m,optimize:0.00011,refine:1.7e-06,avg_time=0.00025
[ego_planner_node-5] refine_success=1
[ego_planner_node-5] [FSM]: from REPLAN_TRAJ to EXEC_TRAJ
[ego_planner_node-5] [FSM]: state: EXEC_TRAJ
[map_adapter-2] [INFO] [1784809611.749743443] [map_adapter]: adapted cloud #1760 width=33370 occ=136x88 topdown_cells=650
[ego_planner_node-5] [FSM]: state: EXEC_TRAJ
[local_sense_cloud-6] [INFO] [1784809612.608429917] [drone_0_local_sense_cloud]: local cloud #1950: 2762 pts @ (-3.1,-3.0,0.7)
[ego_planner_node-5] [FSM]: state: EXEC_TRAJ
[ego_planner_node-5] [FSM]: from EXEC_TRAJ to REPLAN_TRAJ
[ego_planner_node-5] [47;30m
[ego_planner_node-5] [drone 0 replan 81]==============================================[0m
[ego_planner_node-5] [1;33mmulti-trajs=1[1;0m
[ego_planner_node-5] [32miter(+1)=24,time(ms)=0.072,total_t(ms)=0.073,cost=0.002
[ego_planner_node-5] [0mtraj 1 success.
[ego_planner_node-5] plan_success=1
[ego_planner_node-5] total time:[42m0.00018[0m,optimize:0.00017,refine:1.7e-06,avg_time=0.00025
[ego_planner_node-5] refine_success=1
[ego_planner_node-5] [FSM]: from REPLAN_TRAJ to EXEC_TRAJ
[map_adapter-2] [INFO] [1784809613.840749735] [map_adapter]: adapted cloud #1780 width=33370 occ=136x88 topdown_cells=650
[ego_planner_node-5] [FSM]: state: EXEC_TRAJ
[local_sense_cloud-6] [INFO] [1784809614.624535977] [drone_0_local_sense_cloud]: global cloud cached: 31782 points
[ego_planner_node-5] [FSM]: state: EXEC_TRAJ
[map_adapter-2] [INFO] [1784809615.970831242] [map_adapter]: adapted cloud #1800 width=33370 occ=136x88 topdown_cells=650
[ego_planner_node-5] [FSM]: state: EXEC_TRAJ
[ego_planner_node-5] [FSM]: from EXEC_TRAJ to REPLAN_TRAJ
[ego_planner_node-5] [47;30m
[ego_planner_node-5] [drone 0 replan 82]==============================================[0m
[ego_planner_node-5] [1;33mmulti-trajs=1[1;0m
[ego_planner_node-5] [32miter(+1)=11,time(ms)=0.035,total_t(ms)=0.035,cost=0.003
[ego_planner_node-5] [0mtraj 1 success.
[ego_planner_node-5] plan_success=1
[ego_planner_node-5] total time:[42m0.00014[0m,optimize:0.00014,refine:2e-06,avg_time=0.00025
[ego_planner_node-5] refine_success=1
[ego_planner_node-5] [FSM]: from REPLAN_TRAJ to EXEC_TRAJ
[ego_planner_node-5] [FSM]: state: EXEC_TRAJ
[local_sense_cloud-6] [INFO] [1784809617.608179792] [drone_0_local_sense_cloud]: local cloud #2000: 2575 pts @ (-2.0,-1.6,1.1)
[map_adapter-2] [INFO] [1784809618.142890625] [map_adapter]: adapted cloud #1820 width=33370 occ=136x88 topdown_cells=650
[ego_planner_node-5] [FSM]: state: EXEC_TRAJ
[ego_planner_node-5] [FSM]: state: EXEC_TRAJ
[ego_planner_node-5] [FSM]: from EXEC_TRAJ to REPLAN_TRAJ
[ego_planner_node-5] [47;30m
[ego_planner_node-5] [drone 0 replan 83]==============================================[0m
[ego_planner_node-5] [1;33mmulti-trajs=1[1;0m
[ego_planner_node-5] [32miter(+1)=12,time(ms)=0.039,total_t(ms)=0.039,cost=0.009
[ego_planner_node-5] [0mtraj 1 success.
[ego_planner_node-5] plan_success=1
[ego_planner_node-5] total time:[42m0.00015[0m,optimize:0.00014,refine:1.9e-06,avg_time=0.00025
[ego_planner_node-5] refine_success=1
[ego_planner_node-5] [FSM]: from REPLAN_TRAJ to EXEC_TRAJ
[local_sense_cloud-6] [INFO] [1784809619.708260137] [drone_0_local_sense_cloud]: global cloud cached: 31782 points
[map_adapter-2] [INFO] [1784809620.350723236] [map_adapter]: adapted cloud #1840 width=33370 occ=136x88 topdown_cells=650
[ego_planner_node-5] [FSM]: state: EXEC_TRAJ
[ego_planner_node-5] [FSM]: state: EXEC_TRAJ
[ego_planner_node-5] [FSM]: state: EXEC_TRAJ
[map_adapter-2] [INFO] [1784809622.522031345] [map_adapter]: adapted cloud #1860 width=33370 occ=136x88 topdown_cells=650
[local_sense_cloud-6] [INFO] [1784809622.608229627] [drone_0_local_sense_cloud]: local cloud #2050: 2717 pts @ (-0.6,-0.4,1.1)
[ego_planner_node-5] [FSM]: from EXEC_TRAJ to REPLAN_TRAJ
[ego_planner_node-5] [47;30m
[ego_planner_node-5] [drone 0 replan 84]==============================================[0m
[ego_planner_node-5] [1;33mmulti-trajs=1[1;0m
[ego_planner_node-5] [32miter(+1)=5,time(ms)=0.024,total_t(ms)=0.024,cost=0.003
[ego_planner_node-5] [0mtraj 1 success.
[ego_planner_node-5] plan_success=1
[ego_planner_node-5] total time:[42m0.00015[0m,optimize:0.00015,refine:2.6e-06,avg_time=0.00024
[ego_planner_node-5] refine_success=1
[ego_planner_node-5] [FSM]: from REPLAN_TRAJ to EXEC_TRAJ
[ego_planner_node-5] [FSM]: state: EXEC_TRAJ
[ego_planner_node-5] [FSM]: state: EXEC_TRAJ
[map_adapter-2] [INFO] [1784809624.697898765] [map_adapter]: adapted cloud #1880 width=33370 occ=136x88 topdown_cells=650
[local_sense_cloud-6] [INFO] [1784809624.805873903] [drone_0_local_sense_cloud]: global cloud cached: 31782 points
[ego_planner_node-5] [FSM]: state: EXEC_TRAJ
[ego_planner_node-5] [FSM]: from EXEC_TRAJ to REPLAN_TRAJ
[ego_planner_node-5] [47;30m
[ego_planner_node-5] [drone 0 replan 85]==============================================[0m
[ego_planner_node-5] [1;33mmulti-trajs=1[1;0m
[ego_planner_node-5] [32miter(+1)=4,time(ms)=0.035,total_t(ms)=0.035,cost=0.001
[ego_planner_node-5] [0mtraj 1 success.
[ego_planner_node-5] plan_success=1
[ego_planner_node-5] total time:[42m0.00019[0m,optimize:0.00019,refine:2.1e-06,avg_time=0.00024
[ego_planner_node-5] refine_success=1
[ego_planner_node-5] [FSM]: from REPLAN_TRAJ to EXEC_TRAJ
[ego_planner_node-5] [FSM]: state: EXEC_TRAJ
[map_adapter-2] [INFO] [1784809626.808485302] [map_adapter]: adapted cloud #1900 width=33370 occ=136x88 topdown_cells=650
[ego_planner_node-5] [FSM]: state: EXEC_TRAJ
[local_sense_cloud-6] [INFO] [1784809627.617617986] [drone_0_local_sense_cloud]: local cloud #2100: 1961 pts @ (0.9,0.7,1.1)
[ego_planner_node-5] [FSM]: state: EXEC_TRAJ
[ego_planner_node-5] [FSM]: from EXEC_TRAJ to REPLAN_TRAJ
[ego_planner_node-5] [47;30m
[ego_planner_node-5] [drone 0 replan 86]==============================================[0m
[ego_planner_node-5] [1;33mmulti-trajs=1[1;0m
[ego_planner_node-5] [32miter(+1)=4,time(ms)=0.021,total_t(ms)=0.021,cost=0.001
[ego_planner_node-5] [0mtraj 1 success.
[ego_planner_node-5] plan_success=1
[ego_planner_node-5] total time:[42m0.00015[0m,optimize:0.00015,refine:2.1e-06,avg_time=0.00024
[ego_planner_node-5] refine_success=1
[ego_planner_node-5] [FSM]: from REPLAN_TRAJ to EXEC_TRAJ
[map_adapter-2] [INFO] [1784809629.020719868] [map_adapter]: adapted cloud #1920 width=33370 occ=136x88 topdown_cells=650
[ego_planner_node-5] [FSM]: state: EXEC_TRAJ
[local_sense_cloud-6] [INFO] [1784809629.834586968] [drone_0_local_sense_cloud]: global cloud cached: 31782 points
[ego_planner_node-5] [FSM]: state: EXEC_TRAJ
[map_adapter-2] [INFO] [1784809631.149622778] [map_adapter]: adapted cloud #1940 width=33370 occ=136x88 topdown_cells=650
[ego_planner_node-5] [FSM]: state: EXEC_TRAJ
[ego_planner_node-5] [FSM]: from EXEC_TRAJ to REPLAN_TRAJ
[ego_planner_node-5] [47;30m
[ego_planner_node-5] [drone 0 replan 87]==============================================[0m
[ego_planner_node-5] [1;33mmulti-trajs=1[1;0m
[ego_planner_node-5] [32miter(+1)=10,time(ms)=0.031,total_t(ms)=0.031,cost=0.011
[ego_planner_node-5] [0mtraj 1 success.
[ego_planner_node-5] plan_success=1
[ego_planner_node-5] total time:[42m0.00013[0m,optimize:0.00013,refine:1.6e-06,avg_time=0.00024
[ego_planner_node-5] refine_success=1
[ego_planner_node-5] [FSM]: from REPLAN_TRAJ to EXEC_TRAJ
[ego_planner_node-5] [FSM]: state: EXEC_TRAJ
[local_sense_cloud-6] [INFO] [1784809632.607058378] [drone_0_local_sense_cloud]: local cloud #2150: 1855 pts @ (2.4,1.8,1.1)
[map_adapter-2] [INFO] [1784809633.304222852] [map_adapter]: adapted cloud #1960 width=33370 occ=136x88 topdown_cells=650
[ego_planner_node-5] [FSM]: state: EXEC_TRAJ
[ego_planner_node-5] [FSM]: state: EXEC_TRAJ
[ego_planner_node-5] [FSM]: from EXEC_TRAJ to REPLAN_TRAJ
[ego_planner_node-5] [47;30m
[ego_planner_node-5] [drone 0 replan 88]==============================================[0m
[ego_planner_node-5] [1;33mmulti-trajs=1[1;0m
[ego_planner_node-5] [32miter(+1)=9,time(ms)=0.029,total_t(ms)=0.029,cost=0.015
[ego_planner_node-5] [0mtraj 1 success.
[ego_planner_node-5] plan_success=1
[ego_planner_node-5] total time:[42m0.00011[0m,optimize:0.00011,refine:1.7e-06,avg_time=0.00024
[ego_planner_node-5] refine_success=1
[ego_planner_node-5] [FSM]: from REPLAN_TRAJ to EXEC_TRAJ
[local_sense_cloud-6] [INFO] [1784809634.930029910] [drone_0_local_sense_cloud]: global cloud cached: 31782 points
[map_adapter-2] [INFO] [1784809635.526112118] [map_adapter]: adapted cloud #1980 width=33370 occ=136x88 topdown_cells=650
[ego_planner_node-5] [FSM]: state: EXEC_TRAJ
[ego_planner_node-5] [FSM]: state: EXEC_TRAJ
[ego_planner_node-5] [FSM]: state: EXEC_TRAJ
[local_sense_cloud-6] [INFO] [1784809637.610464794] [drone_0_local_sense_cloud]: local cloud #2200: 2664 pts @ (3.8,2.9,1.1)
[map_adapter-2] [INFO] [1784809637.613776938] [map_adapter]: adapted cloud #2000 width=33370 occ=136x88 topdown_cells=650
[ego_planner_node-5] [FSM]: from EXEC_TRAJ to REPLAN_TRAJ
[ego_planner_node-5] [47;30m
[ego_planner_node-5] [drone 0 replan 89]==============================================[0m
[ego_planner_node-5] [1;33mmulti-trajs=1[1;0m
[ego_planner_node-5] [32miter(+1)=9,time(ms)=0.023,total_t(ms)=0.023,cost=0.019
[ego_planner_node-5] [0mtraj 1 success.
[ego_planner_node-5] plan_success=1
[ego_planner_node-5] total time:[42m8.3e-05[0m,optimize:8.2e-05,refine:1.5e-06,avg_time=0.00024
[ego_planner_node-5] refine_success=1
[ego_planner_node-5] [FSM]: from REPLAN_TRAJ to EXEC_TRAJ
[ego_planner_node-5] [FSM]: state: EXEC_TRAJ
[ego_planner_node-5] [FSM]: state: EXEC_TRAJ
[map_adapter-2] [INFO] [1784809639.722598225] [map_adapter]: adapted cloud #2020 width=33370 occ=136x88 topdown_cells=650
[local_sense_cloud-6] [INFO] [1784809640.001439016] [drone_0_local_sense_cloud]: global cloud cached: 31782 points
[ego_planner_node-5] [FSM]: state: EXEC_TRAJ
[ego_planner_node-5] [FSM]: from EXEC_TRAJ to REPLAN_TRAJ
[ego_planner_node-5] [47;30m
[ego_planner_node-5] [drone 0 replan 90]==============================================[0m
[ego_planner_node-5] [1;33mmulti-trajs=1[1;0m
[ego_planner_node-5] [32miter(+1)=10,time(ms)=0.045,total_t(ms)=0.045,cost=0.018
[ego_planner_node-5] [0mtraj 1 success.
[ego_planner_node-5] plan_success=1
[ego_planner_node-5] total time:[42m0.00013[0m,optimize:0.00013,refine:2.2e-06,avg_time=0.00024
[ego_planner_node-5] refine_success=1
[ego_planner_node-5] [FSM]: from REPLAN_TRAJ to EXEC_TRAJ
[ego_planner_node-5] [FSM]: state: EXEC_TRAJ
[map_adapter-2] [INFO] [1784809641.862343484] [map_adapter]: adapted cloud #2040 width=33370 occ=136x88 topdown_cells=650
[local_sense_cloud-6] [INFO] [1784809642.614230545] [drone_0_local_sense_cloud]: local cloud #2250: 3654 pts @ (5.3,4.0,1.1)
[ego_planner_node-5] [FSM]: state: EXEC_TRAJ
[ego_planner_node-5] [FSM]: state: EXEC_TRAJ
[ego_planner_node-5] [FSM]: from EXEC_TRAJ to REPLAN_TRAJ
[ego_planner_node-5] [47;30m
[ego_planner_node-5] [drone 0 replan 91]==============================================[0m
[ego_planner_node-5] [1;33mmulti-trajs=1[1;0m
[ego_planner_node-5] [32miter(+1)=13,time(ms)=0.021,total_t(ms)=0.021,cost=0.013
[ego_planner_node-5] [0mtraj 1 success.
[ego_planner_node-5] plan_success=1
[ego_planner_node-5] total time:[42m7.2e-05[0m,optimize:7.1e-05,refine:1.6e-06,avg_time=0.00023
[ego_planner_node-5] refine_success=1
[ego_planner_node-5] [FSM]: from REPLAN_TRAJ to EXEC_TRAJ
[map_adapter-2] [INFO] [1784809643.942646241] [map_adapter]: adapted cloud #2060 width=33370 occ=136x88 topdown_cells=650
[ego_planner_node-5] [FSM]: state: EXEC_TRAJ
[local_sense_cloud-6] [INFO] [1784809645.006106760] [drone_0_local_sense_cloud]: global cloud cached: 31782 points
[ego_planner_node-5] [FSM]: state: EXEC_TRAJ
[map_adapter-2] [INFO] [1784809645.989216744] [map_adapter]: adapted cloud #2080 width=33370 occ=136x88 topdown_cells=650
[ego_planner_node-5] [FSM]: state: EXEC_TRAJ
[local_sense_cloud-6] [INFO] [1784809647.607570663] [drone_0_local_sense_cloud]: local cloud #2300: 4785 pts @ (6.7,5.1,1.1)
[ego_planner_node-5] [FSM]: state: EXEC_TRAJ
[map_adapter-2] [INFO] [1784809648.044536234] [map_adapter]: adapted cloud #2100 width=33370 occ=136x88 topdown_cells=650
[ego_planner_node-5] [FSM]: state: EXEC_TRAJ
[ego_planner_node-5] [FSM]: state: EXEC_TRAJ
[local_sense_cloud-6] [INFO] [1784809650.108958587] [drone_0_local_sense_cloud]: global cloud cached: 31782 points
[map_adapter-2] [INFO] [1784809650.189162282] [map_adapter]: adapted cloud #2120 width=33370 occ=136x88 topdown_cells=650
[ego_planner_node-5] [FSM]: state: EXEC_TRAJ
[ego_planner_node-5] [FSM]: from EXEC_TRAJ to WAIT_TARGET
[ego_planner_node-5] [FSM]: state: WAIT_TARGET
[ego_planner_node-5] wait for goal or trigger.
[map_adapter-2] [INFO] [1784809652.289891898] [map_adapter]: adapted cloud #2140 width=33370 occ=136x88 topdown_cells=650
[ego_planner_node-5] Triggered!
[waypoint_publisher-10] [INFO] [1784809652.485443069] [waypoint_publisher]: Waypoint cycle 1/1 6/8: (-8.00, 6.00, 1.00)
[ego_planner_node-5] [FSM]: from WAIT_TARGET to SEQUENTIAL_START
[ego_planner_node-5] [47;30m
[ego_planner_node-5] [drone 0 replan 92]==============================================[0m
[ego_planner_node-5] [1;33mmulti-trajs=1[1;0m
[ego_planner_node-5] [32miter(+1)=1,time(ms)=0.018, collided, keep optimizing
[ego_planner_node-5] [0m[32miter(+1)=1,time(ms)=0.004, collided, keep optimizing
[ego_planner_node-5] [0m[32miter(+1)=1,time(ms)=0.004, collided, keep optimizing
[ego_planner_node-5] [0mtraj 1 failed.
[ego_planner_node-5] plan_success=0
[ego_planner_node-5] refine_success=0
[ego_planner_node-5] [47;30m
[ego_planner_node-5] [drone 0 replan 93]==============================================[0m
[ego_planner_node-5] [1;33mmulti-trajs=1[1;0m
[ego_planner_node-5] [32miter(+1)=1,time(ms)=0.004, collided, keep optimizing
[ego_planner_node-5] [0m[32miter(+1)=1,time(ms)=0.003, collided, keep optimizing
[ego_planner_node-5] [0m[32miter(+1)=1,time(ms)=0.003, collided, keep optimizing
[ego_planner_node-5] [0mtraj 1 failed.
[ego_planner_node-5] plan_success=0
[ego_planner_node-5] refine_success=0
[ego_planner_node-5] [47;30m
[ego_planner_node-5] [drone 0 replan 94]==============================================[0m
[ego_planner_node-5] [1;33mmulti-trajs=1[1;0m
[ego_planner_node-5] [32miter(+1)=1,time(ms)=0.003, collided, keep optimizing
[ego_planner_node-5] [0m[32miter(+1)=1,time(ms)=0.003, collided, keep optimizing
[ego_planner_node-5] [0m[32miter(+1)=1,time(ms)=0.003, collided, keep optimizing
[ego_planner_node-5] [0mtraj 1 failed.
[ego_planner_node-5] plan_success=0
[ego_planner_node-5] refine_success=0
[ego_planner_node-5] [47;30m
[ego_planner_node-5] [drone 0 replan 95]==============================================[0m
[ego_planner_node-5] [1;33mmulti-trajs=1[1;0m
[ego_planner_node-5] [32miter(+1)=1,time(ms)=0.003, collided, keep optimizing
[ego_planner_node-5] [0m[32miter(+1)=1,time(ms)=0.003, collided, keep optimizing
[ego_planner_node-5] [0m[32miter(+1)=1,time(ms)=0.003, collided, keep optimizing
[ego_planner_node-5] [0mtraj 1 failed.
[ego_planner_node-5] plan_success=0
[ego_planner_node-5] refine_success=0
[ego_planner_node-5] [47;30m
[ego_planner_node-5] [drone 0 replan 96]==============================================[0m
[ego_planner_node-5] [1;33mmulti-trajs=1[1;0m
[ego_planner_node-5] [32miter(+1)=1,time(ms)=0.004, collided, keep optimizing
[ego_planner_node-5] [0m[32miter(+1)=1,time(ms)=0.003, collided, keep optimizing
[ego_planner_node-5] [0m[32miter(+1)=1,time(ms)=0.003, collided, keep optimizing
[ego_planner_node-5] [0mtraj 1 failed.
[ego_planner_node-5] plan_success=0
[ego_planner_node-5] refine_success=0
[ego_planner_node-5] [47;30m
[ego_planner_node-5] [drone 0 replan 97]==============================================[0m
[ego_planner_node-5] [1;33mmulti-trajs=1[1;0m
[ego_planner_node-5] [32miter(+1)=1,time(ms)=0.003, collided, keep optimizing
[ego_planner_node-5] [0m[32miter(+1)=1,time(ms)=0.003, collided, keep optimizing
[ego_planner_node-5] [0m[32miter(+1)=1,time(ms)=0.003, collided, keep optimizing
[ego_planner_node-5] [0mtraj 1 failed.
[ego_planner_node-5] plan_success=0
[ego_planner_node-5] refine_success=0
[ego_planner_node-5] [47;30m
[ego_planner_node-5] [drone 0 replan 98]==============================================[0m
[ego_planner_node-5] [1;33mmulti-trajs=1[1;0m
[ego_planner_node-5] [32miter(+1)=1,time(ms)=0.003, collided, keep optimizing
[ego_planner_node-5] [0m[32miter(+1)=1,time(ms)=0.003, collided, keep optimizing
[ego_planner_node-5] [0m[32miter(+1)=1,time(ms)=0.003, collided, keep optimizing
[ego_planner_node-5] [0mtraj 1 failed.
[ego_planner_node-5] plan_success=0
[ego_planner_node-5] refine_success=0
[ego_planner_node-5] [47;30m
[ego_planner_node-5] [drone 0 replan 99]==============================================[0m
[ego_planner_node-5] [1;33mmulti-trajs=1[1;0m
[ego_planner_node-5] [32miter(+1)=1,time(ms)=0.004, collided, keep optimizing
[ego_planner_node-5] [0m[32miter(+1)=1,time(ms)=0.003, collided, keep optimizing
[ego_planner_node-5] [0m[32miter(+1)=1,time(ms)=0.003, collided, keep optimizing
[ego_planner_node-5] [0mtraj 1 failed.
[ego_planner_node-5] plan_success=0
[ego_planner_node-5] refine_success=0
[ego_planner_node-5] [47;30m
[ego_planner_node-5] [drone 0 replan 100]==============================================[0m
[ego_planner_node-5] [1;33mmulti-trajs=1[1;0m
[ego_planner_node-5] [32miter(+1)=1,time(ms)=0.003, collided, keep optimizing
[ego_planner_node-5] [0m[32miter(+1)=1,time(ms)=0.003, collided, keep optimizing
[ego_planner_node-5] [0m[32miter(+1)=1,time(ms)=0.003, collided, keep optimizing
[ego_planner_node-5] [0mtraj 1 failed.
[ego_planner_node-5] plan_success=0
[ego_planner_node-5] refine_success=0
[ego_planner_node-5] [47;30m
[ego_planner_node-5] [drone 0 replan 101]==============================================[0m
[ego_planner_node-5] [1;33mmulti-trajs=1[1;0m
[ego_planner_node-5] [32miter(+1)=1,time(ms)=0.003, collided, keep optimizing
[ego_planner_node-5] [0m[32miter(+1)=1,time(ms)=0.003, collided, keep optimizing
[ego_planner_node-5] [0m[32miter(+1)=1,time(ms)=0.003, collided, keep optimizing
[ego_planner_node-5] [0mtraj 1 failed.
[ego_planner_node-5] plan_success=0
[ego_planner_node-5] refine_success=0
[ego_planner_node-5] [ERROR] [1784809652.501660260] [drone_0_ego_planner_node]: Failed to generate the first trajectory!!!
[ego_planner_node-5] [FSM]: from SEQUENTIAL_START to SEQUENTIAL_START
[ego_planner_node-5] [47;30m
[ego_planner_node-5] [drone 0 replan 102]==============================================[0m
[ego_planner_node-5] [1;33mmulti-trajs=1[1;0m
[ego_planner_node-5] [32miter(+1)=14,time(ms)=0.048,total_t(ms)=0.049,cost=0.144
[ego_planner_node-5] [0mtraj 1 success.
[ego_planner_node-5] plan_success=1
[ego_planner_node-5] Need to reallocate time.
[ego_planner_node-5] total time:[42m0.00037[0m,optimize:0.00022,refine:0.00015,avg_time=0.00024
[ego_planner_node-5] refine_success=1
[ego_planner_node-5] [FSM]: from SEQUENTIAL_START to EXEC_TRAJ
[local_sense_cloud-6] [INFO] [1784809652.611187171] [drone_0_local_sense_cloud]: local cloud #2350: 4981 pts @ (7.8,6.0,1.1)
[ego_planner_node-5] [FSM]: state: EXEC_TRAJ
[ego_planner_node-5] Triggered!
[ego_planner_node-5] [TRIG]: from EXEC_TRAJ to REPLAN_TRAJ
[ego_planner_node-5] [47;30m
[ego_planner_node-5] [drone 0 replan 103]==============================================[0m
[ego_planner_node-5] [1;33mmulti-trajs=1[1;0m
[ego_planner_node-5] [32miter(+1)=1,time(ms)=0.015,total_t(ms)=0.015,cost=0.076
[ego_planner_node-5] [0mtraj 1 success.
[ego_planner_node-5] plan_success=1
[ego_planner_node-5] Need to reallocate time.
[ego_planner_node-5] total time:[42m0.00023[0m,optimize:0.00013,refine:0.0001,avg_time=0.00024
[ego_planner_node-5] refine_success=1
[ego_planner_node-5] [FSM]: from REPLAN_TRAJ to EXEC_TRAJ
[ego_planner_node-5] Triggered!
[ego_planner_node-5] [TRIG]: from EXEC_TRAJ to REPLAN_TRAJ
[ego_planner_node-5] [47;30m
[ego_planner_node-5] [drone 0 replan 104]==============================================[0m
[ego_planner_node-5] [1;33mmulti-trajs=1[1;0m
[ego_planner_node-5] [32miter(+1)=1,time(ms)=0.011,total_t(ms)=0.011,cost=0.064
[ego_planner_node-5] [0mtraj 1 success.
[ego_planner_node-5] plan_success=1
[ego_planner_node-5] Need to reallocate time.
[ego_planner_node-5] total time:[42m0.00017[0m,optimize:8.1e-05,refine:8.4e-05,avg_time=0.00024
[ego_planner_node-5] refine_success=1
[ego_planner_node-5] [FSM]: from REPLAN_TRAJ to EXEC_TRAJ
[ego_planner_node-5] [FSM]: state: EXEC_TRAJ
[ego_planner_node-5] Triggered!
[ego_planner_node-5] [TRIG]: from EXEC_TRAJ to REPLAN_TRAJ
[ego_planner_node-5] [47;30m
[ego_planner_node-5] [drone 0 replan 105]==============================================[0m
[ego_planner_node-5] [1;33mmulti-trajs=1[1;0m
[ego_planner_node-5] [32miter(+1)=1,time(ms)=0.014,total_t(ms)=0.014,cost=0.061
[ego_planner_node-5] [0mtraj 1 success.
[ego_planner_node-5] plan_success=1
[ego_planner_node-5] Need to reallocate time.
[ego_planner_node-5] total time:[42m0.00019[0m,optimize:0.00011,refine:8.2e-05,avg_time=0.00023
[ego_planner_node-5] refine_success=1
[ego_planner_node-5] [FSM]: from REPLAN_TRAJ to EXEC_TRAJ
[map_adapter-2] [INFO] [1784809654.583931687] [map_adapter]: adapted cloud #2160 width=33370 occ=136x88 topdown_cells=650
[ego_planner_node-5] [FSM]: state: EXEC_TRAJ
[ego_planner_node-5] Triggered!
[ego_planner_node-5] [TRIG]: from EXEC_TRAJ to REPLAN_TRAJ
[ego_planner_node-5] [47;30m
[ego_planner_node-5] [drone 0 replan 106]==============================================[0m
[ego_planner_node-5] [1;33mmulti-trajs=1[1;0m
[ego_planner_node-5] [32miter(+1)=1,time(ms)=0.015,total_t(ms)=0.015,cost=0.068
[ego_planner_node-5] [0mtraj 1 success.
[ego_planner_node-5] plan_success=1
[ego_planner_node-5] Need to reallocate time.
[ego_planner_node-5] total time:[42m0.00021[0m,optimize:0.00012,refine:8.9e-05,avg_time=0.00023
[ego_planner_node-5] refine_success=1
[ego_planner_node-5] [FSM]: from REPLAN_TRAJ to EXEC_TRAJ
[local_sense_cloud-6] [INFO] [1784809655.203861754] [drone_0_local_sense_cloud]: global cloud cached: 31782 points
[ego_planner_node-5] Triggered!
[ego_planner_node-5] [TRIG]: from EXEC_TRAJ to REPLAN_TRAJ
[ego_planner_node-5] [47;30m
[ego_planner_node-5] [drone 0 replan 107]==============================================[0m
[ego_planner_node-5] [1;33mmulti-trajs=1[1;0m
[ego_planner_node-5] [32miter(+1)=4,time(ms)=0.021,total_t(ms)=0.022,cost=0.079
[ego_planner_node-5] [0mtraj 1 success.
[ego_planner_node-5] plan_success=1
[ego_planner_node-5] Need to reallocate time.
[ego_planner_node-5] total time:[42m0.00018[0m,optimize:0.00012,refine:6.3e-05,avg_time=0.00023
[ego_planner_node-5] refine_success=1
[ego_planner_node-5] [FSM]: from REPLAN_TRAJ to EXEC_TRAJ
[ego_planner_node-5] [FSM]: state: EXEC_TRAJ
[map_adapter-2] [INFO] [1784809656.685997940] [map_adapter]: adapted cloud #2180 width=33370 occ=136x88 topdown_cells=650
[ego_planner_node-5] [FSM]: state: EXEC_TRAJ
[local_sense_cloud-6] [INFO] [1784809657.608780494] [drone_0_local_sense_cloud]: local cloud #2400: 4905 pts @ (7.1,5.9,1.2)
[ego_planner_node-5] [FSM]: state: EXEC_TRAJ
[ego_planner_node-5] [FSM]: from EXEC_TRAJ to REPLAN_TRAJ
[ego_planner_node-5] [47;30m
[ego_planner_node-5] [drone 0 replan 108]==============================================[0m
[ego_planner_node-5] [1;33mmulti-trajs=1[1;0m
[ego_planner_node-5] [32miter(+1)=5,time(ms)=0.027,total_t(ms)=0.027,cost=0.011
[ego_planner_node-5] [0mtraj 1 success.
[ego_planner_node-5] plan_success=1
[ego_planner_node-5] Need to reallocate time.
[ego_planner_node-5] total time:[42m0.00027[0m,optimize:0.00013,refine:0.00014,avg_time=0.00023
[ego_planner_node-5] refine_success=1
[ego_planner_node-5] [FSM]: from REPLAN_TRAJ to EXEC_TRAJ
[ego_planner_node-5] [FSM]: state: EXEC_TRAJ
[map_adapter-2] [INFO] [1784809658.987153972] [map_adapter]: adapted cloud #2200 width=33370 occ=136x88 topdown_cells=650
[ego_planner_node-5] [FSM]: state: EXEC_TRAJ
[local_sense_cloud-6] [INFO] [1784809660.302466925] [drone_0_local_sense_cloud]: global cloud cached: 31782 points
[ego_planner_node-5] [FSM]: state: EXEC_TRAJ
[map_adapter-2] [INFO] [1784809661.134417457] [map_adapter]: adapted cloud #2220 width=33370 occ=136x88 topdown_cells=650
[ego_planner_node-5] [FSM]: from EXEC_TRAJ to REPLAN_TRAJ
[ego_planner_node-5] [47;30m
[ego_planner_node-5] [drone 0 replan 109]==============================================[0m
[ego_planner_node-5] [1;33mmulti-trajs=1[1;0m
[ego_planner_node-5] [32miter(+1)=5,time(ms)=0.027,total_t(ms)=0.028,cost=0.008
[ego_planner_node-5] [0mtraj 1 success.
[ego_planner_node-5] plan_success=1
[ego_planner_node-5] Need to reallocate time.
[ego_planner_node-5] total time:[42m0.00055[0m,optimize:0.00022,refine:0.00033,avg_time=0.00024
[ego_planner_node-5] refine_success=1
[ego_planner_node-5] [FSM]: from REPLAN_TRAJ to EXEC_TRAJ
[ego_planner_node-5] [FSM]: state: EXEC_TRAJ
[local_sense_cloud-6] [INFO] [1784809662.610994865] [drone_0_local_sense_cloud]: local cloud #2450: 3789 pts @ (5.4,5.9,1.2)
[ego_planner_node-5] [FSM]: state: EXEC_TRAJ
[map_adapter-2] [INFO] [1784809663.233499547] [map_adapter]: adapted cloud #2240 width=33370 occ=136x88 topdown_cells=650
[ego_planner_node-5] [FSM]: state: EXEC_TRAJ
[ego_planner_node-5] [FSM]: from EXEC_TRAJ to REPLAN_TRAJ
[ego_planner_node-5] [47;30m
[ego_planner_node-5] [drone 0 replan 110]==============================================[0m
[ego_planner_node-5] [1;33mmulti-trajs=1[1;0m
[ego_planner_node-5] [32miter(+1)=8,time(ms)=0.020,total_t(ms)=0.020,cost=0.010
[ego_planner_node-5] [0mtraj 1 success.
[ego_planner_node-5] plan_success=1
[ego_planner_node-5] total time:[42m9.2e-05[0m,optimize:9.1e-05,refine:1e-06,avg_time=0.00024
[ego_planner_node-5] refine_success=1
[ego_planner_node-5] [FSM]: from REPLAN_TRAJ to EXEC_TRAJ
[ego_planner_node-5] [FSM]: state: EXEC_TRAJ
[local_sense_cloud-6] [INFO] [1784809665.316597496] [drone_0_local_sense_cloud]: global cloud cached: 31782 points
[map_adapter-2] [INFO] [1784809665.340709394] [map_adapter]: adapted cloud #2260 width=33370 occ=136x88 topdown_cells=650
[ego_planner_node-5] [FSM]: state: EXEC_TRAJ
[ego_planner_node-5] [FSM]: state: EXEC_TRAJ
[map_adapter-2] [INFO] [1784809667.350661174] [map_adapter]: adapted cloud #2280 width=33370 occ=136x88 topdown_cells=650
[ego_planner_node-5] [FSM]: from EXEC_TRAJ to REPLAN_TRAJ
[ego_planner_node-5] [47;30m
[ego_planner_node-5] [drone 0 replan 111]==============================================[0m
[ego_planner_node-5] [1;33mmulti-trajs=1[1;0m
[ego_planner_node-5] [32miter(+1)=5,time(ms)=0.025,total_t(ms)=0.025,cost=0.006
[ego_planner_node-5] [0mtraj 1 success.
[ego_planner_node-5] plan_success=1
[ego_planner_node-5] total time:[42m0.00015[0m,optimize:0.00015,refine:2e-06,avg_time=0.00024
[ego_planner_node-5] refine_success=1
[ego_planner_node-5] [FSM]: from REPLAN_TRAJ to EXEC_TRAJ
[local_sense_cloud-6] [INFO] [1784809667.606802028] [drone_0_local_sense_cloud]: local cloud #2500: 3111 pts @ (3.6,6.0,1.2)
[ego_planner_node-5] [FSM]: state: EXEC_TRAJ
[ego_planner_node-5] [FSM]: state: EXEC_TRAJ
[map_adapter-2] [INFO] [1784809669.638402652] [map_adapter]: adapted cloud #2300 width=33370 occ=136x88 topdown_cells=650
[ego_planner_node-5] [FSM]: state: EXEC_TRAJ
[local_sense_cloud-6] [INFO] [1784809670.399558144] [drone_0_local_sense_cloud]: global cloud cached: 31782 points
[ego_planner_node-5] [FSM]: from EXEC_TRAJ to REPLAN_TRAJ
[ego_planner_node-5] [47;30m
[ego_planner_node-5] [drone 0 replan 112]==============================================[0m
[ego_planner_node-5] [1;33mmulti-trajs=1[1;0m
[ego_planner_node-5] [32miter(+1)=4,time(ms)=0.021,total_t(ms)=0.021,cost=0.003
[ego_planner_node-5] [0mtraj 1 success.
[ego_planner_node-5] plan_success=1
[ego_planner_node-5] total time:[42m0.00014[0m,optimize:0.00014,refine:1.9e-06,avg_time=0.00023
[ego_planner_node-5] refine_success=1
[ego_planner_node-5] [FSM]: from REPLAN_TRAJ to EXEC_TRAJ
[ego_planner_node-5] [FSM]: state: EXEC_TRAJ
[map_adapter-2] [INFO] [1784809671.769411072] [map_adapter]: adapted cloud #2320 width=33370 occ=136x88 topdown_cells=650
[ego_planner_node-5] [FSM]: state: EXEC_TRAJ
[local_sense_cloud-6] [INFO] [1784809672.613033742] [drone_0_local_sense_cloud]: local cloud #2550: 4970 pts @ (1.8,6.0,1.1)
[ego_planner_node-5] [FSM]: state: EXEC_TRAJ
[ego_planner_node-5] [FSM]: from EXEC_TRAJ to REPLAN_TRAJ
[ego_planner_node-5] [47;30m
[ego_planner_node-5] [drone 0 replan 113]==============================================[0m
[ego_planner_node-5] [1;33mmulti-trajs=1[1;0m
[ego_planner_node-5] [32miter(+1)=4,time(ms)=0.022,total_t(ms)=0.022,cost=0.003
[ego_planner_node-5] [0mtraj 1 success.
[ego_planner_node-5] plan_success=1
[ego_planner_node-5] total time:[42m0.00012[0m,optimize:0.00012,refine:1.7e-06,avg_time=0.00023
[ego_planner_node-5] refine_success=1
[ego_planner_node-5] [FSM]: from REPLAN_TRAJ to EXEC_TRAJ
[map_adapter-2] [INFO] [1784809674.048150779] [map_adapter]: adapted cloud #2340 width=33370 occ=136x88 topdown_cells=650
[ego_planner_node-5] [FSM]: state: EXEC_TRAJ
[ego_planner_node-5] [FSM]: state: EXEC_TRAJ
[local_sense_cloud-6] [INFO] [1784809675.401602781] [drone_0_local_sense_cloud]: global cloud cached: 31782 points
[map_adapter-2] [INFO] [1784809676.128496996] [map_adapter]: adapted cloud #2360 width=33370 occ=136x88 topdown_cells=650
[ego_planner_node-5] [FSM]: state: EXEC_TRAJ
[ego_planner_node-5] [FSM]: from EXEC_TRAJ to REPLAN_TRAJ
[ego_planner_node-5] [47;30m
[ego_planner_node-5] [drone 0 replan 114]==============================================[0m
[ego_planner_node-5] [1;33mmulti-trajs=1[1;0m
[ego_planner_node-5] [32miter(+1)=5,time(ms)=0.022,total_t(ms)=0.022,cost=0.006
[ego_planner_node-5] [0mtraj 1 success.
[ego_planner_node-5] plan_success=1
[ego_planner_node-5] total time:[42m0.00012[0m,optimize:0.00012,refine:1.8e-06,avg_time=0.00023
[ego_planner_node-5] refine_success=1
[ego_planner_node-5] [FSM]: from REPLAN_TRAJ to EXEC_TRAJ
[ego_planner_node-5] [FSM]: state: EXEC_TRAJ
[local_sense_cloud-6] [INFO] [1784809677.606977763] [drone_0_local_sense_cloud]: local cloud #2600: 5490 pts @ (-0.1,6.0,1.1)
[ego_planner_node-5] [FSM]: state: EXEC_TRAJ
[map_adapter-2] [INFO] [1784809678.285366940] [map_adapter]: adapted cloud #2380 width=33370 occ=136x88 topdown_cells=650
[ego_planner_node-5] [FSM]: state: EXEC_TRAJ
[ego_planner_node-5] [FSM]: from EXEC_TRAJ to REPLAN_TRAJ
[ego_planner_node-5] [47;30m
[ego_planner_node-5] [drone 0 replan 115]==============================================[0m
[ego_planner_node-5] [1;33mmulti-trajs=1[1;0m
[ego_planner_node-5] [32miter(+1)=9,time(ms)=0.032,total_t(ms)=0.032,cost=0.021
[ego_planner_node-5] [0mtraj 1 success.
[ego_planner_node-5] plan_success=1
[ego_planner_node-5] total time:[42m0.00013[0m,optimize:0.00013,refine:1.9e-06,avg_time=0.00023
[ego_planner_node-5] refine_success=1
[ego_planner_node-5] [FSM]: from REPLAN_TRAJ to EXEC_TRAJ
[ego_planner_node-5] [FSM]: state: EXEC_TRAJ
[map_adapter-2] [INFO] [1784809680.394696185] [map_adapter]: adapted cloud #2400 width=33370 occ=136x88 topdown_cells=650
[local_sense_cloud-6] [INFO] [1784809680.505147490] [drone_0_local_sense_cloud]: global cloud cached: 31782 points
[ego_planner_node-5] [FSM]: state: EXEC_TRAJ
[ego_planner_node-5] [FSM]: state: EXEC_TRAJ
[map_adapter-2] [INFO] [1784809682.543660753] [map_adapter]: adapted cloud #2420 width=33370 occ=136x88 topdown_cells=650
[ego_planner_node-5] [FSM]: from EXEC_TRAJ to REPLAN_TRAJ
[local_sense_cloud-6] [INFO] [1784809682.616102446] [drone_0_local_sense_cloud]: local cloud #2650: 5037 pts @ (-1.9,6.0,1.1)
[ego_planner_node-5] [47;30m
[ego_planner_node-5] [drone 0 replan 116]==============================================[0m
[ego_planner_node-5] [1;33mmulti-trajs=1[1;0m
[ego_planner_node-5] [32miter(+1)=10,time(ms)=0.023,total_t(ms)=0.023,cost=0.023
[ego_planner_node-5] [0mtraj 1 success.
[ego_planner_node-5] plan_success=1
[ego_planner_node-5] total time:[42m8.2e-05[0m,optimize:8.1e-05,refine:1e-06,avg_time=0.00023
[ego_planner_node-5] refine_success=1
[ego_planner_node-5] [FSM]: from REPLAN_TRAJ to EXEC_TRAJ
[ego_planner_node-5] [FSM]: state: EXEC_TRAJ
[ego_planner_node-5] [FSM]: state: EXEC_TRAJ
[map_adapter-2] [INFO] [1784809684.919569432] [map_adapter]: adapted cloud #2440 width=33370 occ=136x88 topdown_cells=650
[ego_planner_node-5] [FSM]: state: EXEC_TRAJ
[local_sense_cloud-6] [INFO] [1784809685.516533061] [drone_0_local_sense_cloud]: global cloud cached: 31782 points
[ego_planner_node-5] [FSM]: from EXEC_TRAJ to REPLAN_TRAJ
[ego_planner_node-5] [47;30m
[ego_planner_node-5] [drone 0 replan 117]==============================================[0m
[ego_planner_node-5] [1;33mmulti-trajs=1[1;0m
[ego_planner_node-5] [32miter(+1)=11,time(ms)=0.038,total_t(ms)=0.039,cost=0.024
[ego_planner_node-5] [0mtraj 1 success.
[ego_planner_node-5] plan_success=1
[ego_planner_node-5] total time:[42m0.00013[0m,optimize:0.00013,refine:1.8e-06,avg_time=0.00023
[ego_planner_node-5] refine_success=1
[ego_planner_node-5] [FSM]: from REPLAN_TRAJ to EXEC_TRAJ
[ego_planner_node-5] [FSM]: state: EXEC_TRAJ
[map_adapter-2] [INFO] [1784809687.142963976] [map_adapter]: adapted cloud #2460 width=33370 occ=136x88 topdown_cells=650
[ego_planner_node-5] [FSM]: state: EXEC_TRAJ
[local_sense_cloud-6] [INFO] [1784809687.630698959] [drone_0_local_sense_cloud]: local cloud #2700: 5253 pts @ (-3.7,6.0,1.1)
[ego_planner_node-5] [FSM]: state: EXEC_TRAJ
[ego_planner_node-5] [FSM]: from EXEC_TRAJ to REPLAN_TRAJ
[ego_planner_node-5] [47;30m
[ego_planner_node-5] [drone 0 replan 118]==============================================[0m
[ego_planner_node-5] [1;33mmulti-trajs=1[1;0m
[ego_planner_node-5] [32miter(+1)=9,time(ms)=0.034,total_t(ms)=0.034,cost=0.013
[ego_planner_node-5] [0mtraj 1 success.
[ego_planner_node-5] plan_success=1
[ego_planner_node-5] total time:[42m0.00011[0m,optimize:0.00011,refine:1.6e-06,avg_time=0.00023
[ego_planner_node-5] refine_success=1
[ego_planner_node-5] [FSM]: from REPLAN_TRAJ to EXEC_TRAJ
[map_adapter-2] [INFO] [1784809689.399367832] [map_adapter]: adapted cloud #2480 width=33370 occ=136x88 topdown_cells=650
[ego_planner_node-5] [FSM]: state: EXEC_TRAJ
[ego_planner_node-5] [FSM]: state: EXEC_TRAJ
[local_sense_cloud-6] [INFO] [1784809690.621668155] [drone_0_local_sense_cloud]: global cloud cached: 31782 points
[ego_planner_node-5] [FSM]: state: EXEC_TRAJ
[ego_planner_node-5] [FSM]: from EXEC_TRAJ to REPLAN_TRAJ
[ego_planner_node-5] [47;30m
[ego_planner_node-5] [drone 0 replan 119]==============================================[0m
[ego_planner_node-5] [1;33mmulti-trajs=1[1;0m
[ego_planner_node-5] [32miter(+1)=8,time(ms)=0.025,total_t(ms)=0.025,cost=0.016
[ego_planner_node-5] [0mtraj 1 success.
[ego_planner_node-5] plan_success=1
[ego_planner_node-5] total time:[42m8.1e-05[0m,optimize:8e-05,refine:1.1e-06,avg_time=0.00023
[ego_planner_node-5] refine_success=1
[ego_planner_node-5] [FSM]: from REPLAN_TRAJ to EXEC_TRAJ
[map_adapter-2] [INFO] [1784809691.739117291] [map_adapter]: adapted cloud #2500 width=33370 occ=136x88 topdown_cells=650
[ego_planner_node-5] [FSM]: state: EXEC_TRAJ
[local_sense_cloud-6] [INFO] [1784809692.611269551] [drone_0_local_sense_cloud]: local cloud #2750: 6110 pts @ (-5.6,6.0,1.1)
[ego_planner_node-5] [FSM]: state: EXEC_TRAJ
[map_adapter-2] [INFO] [1784809694.040408204] [map_adapter]: adapted cloud #2520 width=33370 occ=136x88 topdown_cells=650
[ego_planner_node-5] [FSM]: state: EXEC_TRAJ
[ego_planner_node-5] [FSM]: state: EXEC_TRAJ
[local_sense_cloud-6] [INFO] [1784809695.700545226] [drone_0_local_sense_cloud]: global cloud cached: 31782 points
[map_adapter-2] [INFO] [1784809696.234387853] [map_adapter]: adapted cloud #2540 width=33370 occ=136x88 topdown_cells=650
[ego_planner_node-5] [FSM]: state: EXEC_TRAJ
[ego_planner_node-5] [FSM]: state: EXEC_TRAJ
[local_sense_cloud-6] [INFO] [1784809697.613117249] [drone_0_local_sense_cloud]: local cloud #2800: 4230 pts @ (-7.2,6.0,1.1)
[map_adapter-2] [INFO] [1784809698.307511691] [map_adapter]: adapted cloud #2560 width=33370 occ=136x88 topdown_cells=650
[ego_planner_node-5] [FSM]: state: EXEC_TRAJ
[ego_planner_node-5] [FSM]: from EXEC_TRAJ to WAIT_TARGET
[ego_planner_node-5] [FSM]: state: WAIT_TARGET
[ego_planner_node-5] wait for goal or trigger.
[ego_planner_node-5] Triggered!
[waypoint_publisher-10] [INFO] [1784809700.285336486] [waypoint_publisher]: Waypoint cycle 1/1 7/8: (8.00, -6.00, 1.00)
[ego_planner_node-5] [FSM]: from WAIT_TARGET to SEQUENTIAL_START
[ego_planner_node-5] [47;30m
[ego_planner_node-5] [drone 0 replan 120]==============================================[0m
[ego_planner_node-5] [1;33mmulti-trajs=2[1;0m
[ego_planner_node-5] [32miter(+1)=35,time(ms)=0.156,total_t(ms)=0.156,cost=0.107
[ego_planner_node-5] [0mtraj 1 success.
[ego_planner_node-5] [32miter(+1)=28,time(ms)=0.110,total_t(ms)=0.110,cost=0.052
[ego_planner_node-5] [0mtraj 2 success.
[ego_planner_node-5] plan_success=1
[ego_planner_node-5] Need to reallocate time.
[ego_planner_node-5] total time:[42m0.0007[0m,optimize:0.00047,refine:0.00023,avg_time=0.00023
[ego_planner_node-5] refine_success=1
[ego_planner_node-5] [FSM]: from SEQUENTIAL_START to EXEC_TRAJ
[map_adapter-2] [INFO] [1784809700.397435388] [map_adapter]: adapted cloud #2580 width=33370 occ=136x88 topdown_cells=650
[ego_planner_node-5] [FSM]: state: EXEC_TRAJ
[local_sense_cloud-6] [INFO] [1784809700.701425675] [drone_0_local_sense_cloud]: global cloud cached: 31782 points
[ego_planner_node-5] Triggered!
[ego_planner_node-5] [TRIG]: from EXEC_TRAJ to REPLAN_TRAJ
[ego_planner_node-5] [47;30m
[ego_planner_node-5] [drone 0 replan 121]==============================================[0m
[ego_planner_node-5] [1;33mmulti-trajs=2[1;0m
[ego_planner_node-5] [32miter(+1)=31,time(ms)=0.102,total_t(ms)=0.103,cost=0.092
[ego_planner_node-5] [0mtraj 1 success.
[ego_planner_node-5] [32miter(+1)=23,time(ms)=0.061,total_t(ms)=0.062,cost=0.052
[ego_planner_node-5] [0mtraj 2 success.
[ego_planner_node-5] plan_success=1
[ego_planner_node-5] Need to reallocate time.
[ego_planner_node-5] total time:[42m0.00039[0m,optimize:0.00029,refine:0.0001,avg_time=0.00023
[ego_planner_node-5] refine_success=1
[ego_planner_node-5] [FSM]: from REPLAN_TRAJ to EXEC_TRAJ
[ego_planner_node-5] Triggered!
[ego_planner_node-5] [TRIG]: from EXEC_TRAJ to REPLAN_TRAJ
[ego_planner_node-5] [47;30m
[ego_planner_node-5] [drone 0 replan 122]==============================================[0m
[ego_planner_node-5] [1;33mmulti-trajs=2[1;0m
[ego_planner_node-5] [32miter(+1)=26,time(ms)=0.081,total_t(ms)=0.081,cost=0.084
[ego_planner_node-5] [0mtraj 1 success.
[ego_planner_node-5] [32miter(+1)=26,time(ms)=0.068,total_t(ms)=0.068,cost=0.047
[ego_planner_node-5] [0mtraj 2 success.
[ego_planner_node-5] plan_success=1
[ego_planner_node-5] Need to reallocate time.
[ego_planner_node-5] total time:[42m0.00039[0m,optimize:0.00029,refine:9.8e-05,avg_time=0.00023
[ego_planner_node-5] refine_success=1
[ego_planner_node-5] [FSM]: from REPLAN_TRAJ to EXEC_TRAJ
[ego_planner_node-5] [FSM]: state: EXEC_TRAJ
[ego_planner_node-5] Triggered!
[ego_planner_node-5] [TRIG]: from EXEC_TRAJ to REPLAN_TRAJ
[ego_planner_node-5] [47;30m
[ego_planner_node-5] [drone 0 replan 123]==============================================[0m
[ego_planner_node-5] [1;33mmulti-trajs=2[1;0m
[ego_planner_node-5] [32miter(+1)=23,time(ms)=0.073,total_t(ms)=0.073,cost=0.038
[ego_planner_node-5] [0mtraj 1 success.
[ego_planner_node-5] [32miter(+1)=25,time(ms)=0.069,total_t(ms)=0.069,cost=0.050
[ego_planner_node-5] [0mtraj 2 success.
[ego_planner_node-5] plan_success=1
[ego_planner_node-5] Need to reallocate time.
[ego_planner_node-5] total time:[42m0.00045[0m,optimize:0.00035,refine:0.0001,avg_time=0.00024
[ego_planner_node-5] refine_success=1
[ego_planner_node-5] [FSM]: from REPLAN_TRAJ to EXEC_TRAJ
[map_adapter-2] [INFO] [1784809702.467897572] [map_adapter]: adapted cloud #2600 width=33370 occ=136x88 topdown_cells=650
[local_sense_cloud-6] [INFO] [1784809702.607812681] [drone_0_local_sense_cloud]: local cloud #2850: 3529 pts @ (-8.0,5.9,1.1)
[ego_planner_node-5] [FSM]: state: EXEC_TRAJ
[ego_planner_node-5] Triggered!
[ego_planner_node-5] [TRIG]: from EXEC_TRAJ to REPLAN_TRAJ
[ego_planner_node-5] [47;30m
[ego_planner_node-5] [drone 0 replan 124]==============================================[0m
[ego_planner_node-5] [1;33mmulti-trajs=2[1;0m
[ego_planner_node-5] [32miter(+1)=27,time(ms)=0.079,total_t(ms)=0.079,cost=0.074
[ego_planner_node-5] [0mtraj 1 success.
[ego_planner_node-5] [32miter(+1)=25,time(ms)=0.061,total_t(ms)=0.061,cost=0.073
[ego_planner_node-5] [0mtraj 2 success.
[ego_planner_node-5] plan_success=1
[ego_planner_node-5] Need to reallocate time.
[ego_planner_node-5] total time:[42m0.00044[0m,optimize:0.00031,refine:0.00013,avg_time=0.00024
[ego_planner_node-5] refine_success=1
[ego_planner_node-5] [FSM]: from REPLAN_TRAJ to EXEC_TRAJ
[ego_planner_node-5] Triggered!
[ego_planner_node-5] [TRIG]: from EXEC_TRAJ to REPLAN_TRAJ
[ego_planner_node-5] [47;30m
[ego_planner_node-5] [drone 0 replan 125]==============================================[0m
[ego_planner_node-5] [1;33mmulti-trajs=2[1;0m
[ego_planner_node-5] [32miter(+1)=32,time(ms)=0.104,total_t(ms)=0.104,cost=0.025
[ego_planner_node-5] [0mtraj 1 success.
[ego_planner_node-5] [32miter(+1)=21,time(ms)=0.052,total_t(ms)=0.052,cost=0.059
[ego_planner_node-5] [0mtraj 2 success.
[ego_planner_node-5] plan_success=1
[ego_planner_node-5] Need to reallocate time.
[ego_planner_node-5] total time:[42m0.00045[0m,optimize:0.00035,refine:0.0001,avg_time=0.00024
[ego_planner_node-5] refine_success=1
[ego_planner_node-5] [FSM]: from REPLAN_TRAJ to EXEC_TRAJ
[ego_planner_node-5] [FSM]: state: EXEC_TRAJ
[map_adapter-2] [INFO] [1784809704.706770113] [map_adapter]: adapted cloud #2620 width=33370 occ=136x88 topdown_cells=650
[ego_planner_node-5] [FSM]: state: EXEC_TRAJ
[local_sense_cloud-6] [INFO] [1784809705.701913040] [drone_0_local_sense_cloud]: global cloud cached: 31782 points
[ego_planner_node-5] [FSM]: state: EXEC_TRAJ
[ego_planner_node-5] [FSM]: from EXEC_TRAJ to REPLAN_TRAJ
[ego_planner_node-5] [47;30m
[ego_planner_node-5] [drone 0 replan 126]==============================================[0m
[ego_planner_node-5] [1;33mmulti-trajs=1[1;0m
[ego_planner_node-5] iter=5,time(ms)=0.065,rebound.
[ego_planner_node-5] iter=16,time(ms)=0.075,rebound.
[ego_planner_node-5] [32miter(+1)=36,time(ms)=0.151, collided, keep optimizing
[ego_planner_node-5] [0m[32miter(+1)=27,time(ms)=0.111,total_t(ms)=0.439,cost=0.144
[ego_planner_node-5] [0mtraj 1 success.
[ego_planner_node-5] plan_success=1
[ego_planner_node-5] total time:[42m0.00057[0m,optimize:0.00056,refine:2.3e-06,avg_time=0.00024
[ego_planner_node-5] refine_success=1
[ego_planner_node-5] [FSM]: from REPLAN_TRAJ to EXEC_TRAJ
[map_adapter-2] [INFO] [1784809706.727534283] [map_adapter]: adapted cloud #2640 width=33370 occ=136x88 topdown_cells=650
[ego_planner_node-5] [FSM]: state: EXEC_TRAJ
[local_sense_cloud-6] [INFO] [1784809707.609543459] [drone_0_local_sense_cloud]: local cloud #2900: 4654 pts @ (-6.8,5.0,1.1)
[ego_planner_node-5] [FSM]: state: EXEC_TRAJ
[ego_planner_node-5] [FSM]: state: EXEC_TRAJ
[map_adapter-2] [INFO] [1784809708.785668343] [map_adapter]: adapted cloud #2660 width=33370 occ=136x88 topdown_cells=650
[ego_planner_node-5] [FSM]: from EXEC_TRAJ to REPLAN_TRAJ
[ego_planner_node-5] [47;30m
[ego_planner_node-5] [drone 0 replan 127]==============================================[0m
[ego_planner_node-5] [1;33mmulti-trajs=1[1;0m
[ego_planner_node-5] [32miter(+1)=18,time(ms)=0.046,total_t(ms)=0.046,cost=0.021
[ego_planner_node-5] [0mtraj 1 success.
[ego_planner_node-5] plan_success=1
[ego_planner_node-5] total time:[42m0.00013[0m,optimize:0.00012,refine:1.5e-06,avg_time=0.00024
[ego_planner_node-5] refine_success=1
[ego_planner_node-5] [FSM]: from REPLAN_TRAJ to EXEC_TRAJ
[ego_planner_node-5] [FSM]: state: EXEC_TRAJ
[local_sense_cloud-6] [INFO] [1784809710.805708716] [drone_0_local_sense_cloud]: global cloud cached: 31782 points
[ego_planner_node-5] [FSM]: state: EXEC_TRAJ
[map_adapter-2] [INFO] [1784809710.817397954] [map_adapter]: adapted cloud #2680 width=33370 occ=136x88 topdown_cells=650
[ego_planner_node-5] [FSM]: state: EXEC_TRAJ
[ego_planner_node-5] [FSM]: from EXEC_TRAJ to REPLAN_TRAJ
[ego_planner_node-5] [47;30m
[ego_planner_node-5] [drone 0 replan 128]==============================================[0m
[ego_planner_node-5] [1;33mmulti-trajs=1[1;0m
[ego_planner_node-5] [32miter(+1)=13,time(ms)=0.049,total_t(ms)=0.050,cost=0.013
[ego_planner_node-5] [0mtraj 1 success.
[ego_planner_node-5] plan_success=1
[ego_planner_node-5] total time:[42m0.00018[0m,optimize:0.00018,refine:2.1e-06,avg_time=0.00024
[ego_planner_node-5] refine_success=1
[ego_planner_node-5] [FSM]: from REPLAN_TRAJ to EXEC_TRAJ
[local_sense_cloud-6] [INFO] [1784809712.586140241] [drone_0_local_sense_cloud]: local cloud #2950: 6110 pts @ (-5.0,4.2,1.1)
[ego_planner_node-5] [FSM]: state: EXEC_TRAJ
[map_adapter-2] [INFO] [1784809712.946852928] [map_adapter]: adapted cloud #2700 width=33370 occ=136x88 topdown_cells=650
[ego_planner_node-5] [FSM]: state: EXEC_TRAJ
[ego_planner_node-5] [FSM]: state: EXEC_TRAJ
[map_adapter-2] [INFO] [1784809715.006784809] [map_adapter]: adapted cloud #2720 width=33370 occ=136x88 topdown_cells=650
[ego_planner_node-5] [FSM]: from EXEC_TRAJ to REPLAN_TRAJ
[ego_planner_node-5] [47;30m
[ego_planner_node-5] [drone 0 replan 129]==============================================[0m
[ego_planner_node-5] [1;33mmulti-trajs=1[1;0m
[ego_planner_node-5] [32miter(+1)=16,time(ms)=0.090,total_t(ms)=0.091,cost=0.009
[ego_planner_node-5] [0mtraj 1 success.
[ego_planner_node-5] plan_success=1
[ego_planner_node-5] total time:[42m0.00024[0m,optimize:0.00024,refine:3.3e-06,avg_time=0.00024
[ego_planner_node-5] refine_success=1
[ego_planner_node-5] [FSM]: from REPLAN_TRAJ to EXEC_TRAJ
[ego_planner_node-5] [FSM]: state: EXEC_TRAJ
[local_sense_cloud-6] [INFO] [1784809715.902228453] [drone_0_local_sense_cloud]: global cloud cached: 31782 points
[ego_planner_node-5] [FSM]: state: EXEC_TRAJ
[map_adapter-2] [INFO] [1784809717.007398360] [map_adapter]: adapted cloud #2740 width=33370 occ=136x88 topdown_cells=650
[local_sense_cloud-6] [INFO] [1784809717.606914497] [drone_0_local_sense_cloud]: local cloud #3000: 4619 pts @ (-3.6,3.0,1.1)
[ego_planner_node-5] [FSM]: state: EXEC_TRAJ
[ego_planner_node-5] [FSM]: from EXEC_TRAJ to REPLAN_TRAJ
[ego_planner_node-5] [47;30m
[ego_planner_node-5] [drone 0 replan 130]==============================================[0m
[ego_planner_node-5] [1;33mmulti-trajs=1[1;0m
[ego_planner_node-5] [32miter(+1)=14,time(ms)=0.044,total_t(ms)=0.044,cost=0.005
[ego_planner_node-5] [0mtraj 1 success.
[ego_planner_node-5] plan_success=1
[ego_planner_node-5] total time:[42m0.00014[0m,optimize:0.00014,refine:1.7e-06,avg_time=0.00024
[ego_planner_node-5] refine_success=1
[ego_planner_node-5] [FSM]: from REPLAN_TRAJ to EXEC_TRAJ
[ego_planner_node-5] [FSM]: state: EXEC_TRAJ
[map_adapter-2] [INFO] [1784809719.163527339] [map_adapter]: adapted cloud #2760 width=33370 occ=136x88 topdown_cells=650
[ego_planner_node-5] [FSM]: state: EXEC_TRAJ
[ego_planner_node-5] [FSM]: state: EXEC_TRAJ
[local_sense_cloud-6] [INFO] [1784809721.026609287] [drone_0_local_sense_cloud]: global cloud cached: 31782 points
[ego_planner_node-5] [FSM]: from EXEC_TRAJ to REPLAN_TRAJ
[ego_planner_node-5] [47;30m
[ego_planner_node-5] [drone 0 replan 131]==============================================[0m
[ego_planner_node-5] [1;33mmulti-trajs=1[1;0m
[ego_planner_node-5] [32miter(+1)=13,time(ms)=0.027,total_t(ms)=0.027,cost=0.006
[ego_planner_node-5] [0mtraj 1 success.
[ego_planner_node-5] plan_success=1
[ego_planner_node-5] total time:[42m0.0001[0m,optimize:0.0001,refine:1.1e-06,avg_time=0.00024
[ego_planner_node-5] refine_success=1
[ego_planner_node-5] [FSM]: from REPLAN_TRAJ to EXEC_TRAJ
[map_adapter-2] [INFO] [1784809721.400554721] [map_adapter]: adapted cloud #2780 width=33370 occ=136x88 topdown_cells=650
[ego_planner_node-5] [FSM]: state: EXEC_TRAJ
[local_sense_cloud-6] [INFO] [1784809722.610272925] [drone_0_local_sense_cloud]: local cloud #3050: 4261 pts @ (-2.2,1.9,1.1)
[ego_planner_node-5] [FSM]: state: EXEC_TRAJ
[map_adapter-2] [INFO] [1784809723.500042390] [map_adapter]: adapted cloud #2800 width=33370 occ=136x88 topdown_cells=650
[ego_planner_node-5] [FSM]: state: EXEC_TRAJ
[ego_planner_node-5] [FSM]: from EXEC_TRAJ to REPLAN_TRAJ
[ego_planner_node-5] [47;30m
[ego_planner_node-5] [drone 0 replan 132]==============================================[0m
[ego_planner_node-5] [1;33mmulti-trajs=1[1;0m
[ego_planner_node-5] [32miter(+1)=16,time(ms)=0.033,total_t(ms)=0.033,cost=0.003
[ego_planner_node-5] [0mtraj 1 success.
[ego_planner_node-5] plan_success=1
[ego_planner_node-5] total time:[42m0.00011[0m,optimize:0.00011,refine:1.3e-06,avg_time=0.00024
[ego_planner_node-5] refine_success=1
[ego_planner_node-5] [FSM]: from REPLAN_TRAJ to EXEC_TRAJ
