[INFO] [launch]: All log files can be found below /home/jungod/.ros/log/2026-07-23-20-30-24-760423-jungod-asus-tuf-gaming-a15-3062333
[INFO] [launch]: Default logging verbosity is set to INFO
[INFO] [random_forest-1]: process started with pid [3062335]
[INFO] [map_adapter-2]: process started with pid [3062337]
[INFO] [dynamics_node-3]: process started with pid [3062339]
[INFO] [controller_node-4]: process started with pid [3062341]
[INFO] [ego_planner_node-5]: process started with pid [3062343]
[INFO] [local_sense_cloud-6]: process started with pid [3062345]
[INFO] [traj_server-7]: process started with pid [3062347]
[INFO] [ego_cmd_bridge-8]: process started with pid [3062349]
[INFO] [viz_node-9]: process started with pid [3062351]
[controller_node-4] [INFO] [1784809824.860185009] [drone_controller]: drone_controller ready: 100 Hz, mass=1.00, goal_fallback=off, approach_brake=on
[dynamics_node-3] [INFO] [1784809824.860922185] [drone_dynamics]: drone_dynamics ready: integ=500Hz pub=100Hz mass=1.00 (self-developed, not MARSIM/EGO sim)
[viz_node-9] [INFO] [1784809824.863829511] [drone_visualization]: drone_visualization ready (quadrotor marker from /drone/odom)
[ego_planner_node-5] hit: 0.619039
[ego_planner_node-5] miss: -0.619039
[ego_planner_node-5] min log: -1.99243
[ego_planner_node-5] max: 2.19722
[ego_planner_node-5] thresh log: 1.38629
[ego_planner_node-5] [FSM]: from INIT to WAIT_TARGET
[map_adapter-2] [INFO] [1784809825.151758812] [map_adapter]: map_adapter /map_generator/global_cloud → clouds ['/map/obstacles'], occupancy + metadata for map=official_forest
[ego_cmd_bridge-8] [INFO] [1784809825.192451388] [ego_cmd_bridge]: EGO bridge ready ns=-: /drone_0_planning/pos_cmd → /planner/local_goal; Path ← /drone_0_plan_vis/optimal_list; goals /drone/goal → /drone/goal_bridge_unused
[local_sense_cloud-6] [INFO] [1784809825.209064104] [drone_0_local_sense_cloud]: local_sense: /map_generator/global_cloud → /drone_0_pcl_render_node/cloud horizon=5.0 m @ 10 Hz (TRANSIENT_LOCAL)
[random_forest-1] seed=1
[random_forest-1] [WARN] [1784809825.377714570] [RandomMapGenerateCylinder]: Finished generate random map 
[local_sense_cloud-6] [INFO] [1784809825.431145895] [drone_0_local_sense_cloud]: global cloud cached: 31782 points
[local_sense_cloud-6] [INFO] [1784809825.434102212] [drone_0_local_sense_cloud]: local cloud #1: 726 pts @ (-15.0,0.0,0.4)
[map_adapter-2] [INFO] [1784809825.501007328] [map_adapter]: adapted cloud #1 width=33370 occ=136x88 topdown_cells=650
[traj_server-7] [WARN] [1784809825.874087453] [drone_0_traj_server]: [Traj server]: ready.
[ego_planner_node-5] [FSM]: state: WAIT_TARGET
[ego_planner_node-5] wait for goal or trigger.
[ego_planner_node-5] [FSM]: state: WAIT_TARGET
[ego_planner_node-5] wait for goal or trigger.
[map_adapter-2] [INFO] [1784809827.537360940] [map_adapter]: adapted cloud #20 width=33370 occ=136x88 topdown_cells=650
[ego_planner_node-5] [FSM]: state: WAIT_TARGET
[ego_planner_node-5] wait for goal or trigger.
[ego_planner_node-5] [FSM]: state: WAIT_TARGET
[ego_planner_node-5] wait for goal or trigger.
[map_adapter-2] [INFO] [1784809829.737992190] [map_adapter]: adapted cloud #40 width=33370 occ=136x88 topdown_cells=650
[ego_planner_node-5] [FSM]: state: WAIT_TARGET
[ego_planner_node-5] wait for goal or trigger.
[local_sense_cloud-6] [INFO] [1784809830.311871115] [drone_0_local_sense_cloud]: local cloud #50: 775 pts @ (-15.0,0.0,0.0)
[local_sense_cloud-6] [INFO] [1784809830.511855308] [drone_0_local_sense_cloud]: global cloud cached: 31782 points
[ego_planner_node-5] [FSM]: state: WAIT_TARGET
[ego_planner_node-5] wait for goal or trigger.
[ego_planner_node-5] [FSM]: state: WAIT_TARGET
[ego_planner_node-5] wait for goal or trigger.
[map_adapter-2] [INFO] [1784809832.134486636] [map_adapter]: adapted cloud #60 width=33370 occ=136x88 topdown_cells=650
[ego_planner_node-5] [FSM]: state: WAIT_TARGET
[ego_planner_node-5] wait for goal or trigger.
[ego_planner_node-5] [FSM]: state: WAIT_TARGET
[ego_planner_node-5] wait for goal or trigger.
[map_adapter-2] [INFO] [1784809834.404840565] [map_adapter]: adapted cloud #80 width=33370 occ=136x88 topdown_cells=650
[INFO] [waypoint_publisher-10]: process started with pid [3062623]
[waypoint_publisher-10] [INFO] [1784809835.104049426] [waypoint_publisher]: Waypoint publisher: 8 pts/cycle × 1 cycles, mode=arrival,v<0.10, topic=/drone/goal
[ego_planner_node-5] [FSM]: state: WAIT_TARGET
[ego_planner_node-5] wait for goal or trigger.
[local_sense_cloud-6] [INFO] [1784809835.314249617] [drone_0_local_sense_cloud]: local cloud #100: 775 pts @ (-15.0,0.0,0.0)
[local_sense_cloud-6] [INFO] [1784809835.514048484] [drone_0_local_sense_cloud]: global cloud cached: 31782 points
[ego_planner_node-5] Triggered!
[waypoint_publisher-10] [INFO] [1784809835.592385557] [waypoint_publisher]: Waypoint cycle 1/1 1/8: (-8.00, 6.00, 1.00)
[ego_planner_node-5] [FSM]: from WAIT_TARGET to SEQUENTIAL_START
[ego_planner_node-5] [47;30m
[ego_planner_node-5] [drone 0 replan 0]==============================================[0m
[ego_planner_node-5] [1;33mmulti-trajs=1[1;0m
[ego_planner_node-5] [32miter(+1)=1,time(ms)=0.019,total_t(ms)=0.020,cost=0.008
[ego_planner_node-5] [0mtraj 1 success.
[ego_planner_node-5] plan_success=1
[ego_planner_node-5] Need to reallocate time.
[ego_planner_node-5] total time:[42m0.00026998[0m,optimize:0.000179232,refine:9.0748e-05,avg_time=0.00026998
[ego_planner_node-5] refine_success=1
[ego_planner_node-5] [FSM]: from SEQUENTIAL_START to EXEC_TRAJ
[ego_planner_node-5] [FSM]: state: EXEC_TRAJ
[ego_planner_node-5] Triggered!
[ego_planner_node-5] [TRIG]: from EXEC_TRAJ to REPLAN_TRAJ
[ego_planner_node-5] [47;30m
[ego_planner_node-5] [drone 0 replan 1]==============================================[0m
[ego_planner_node-5] [1;33mmulti-trajs=1[1;0m
[ego_planner_node-5] [32miter(+1)=1,time(ms)=0.008,total_t(ms)=0.009,cost=0.014
[ego_planner_node-5] [0mtraj 1 success.
[ego_planner_node-5] plan_success=1
[ego_planner_node-5] Need to reallocate time.
[ego_planner_node-5] total time:[42m0.000228144[0m,optimize:0.000133558,refine:9.4586e-05,avg_time=0.000249062
[ego_planner_node-5] refine_success=1
[ego_planner_node-5] [FSM]: from REPLAN_TRAJ to EXEC_TRAJ
[map_adapter-2] [INFO] [1784809836.644522981] [map_adapter]: adapted cloud #100 width=33370 occ=136x88 topdown_cells=650
[ego_planner_node-5] Triggered!
[ego_planner_node-5] [TRIG]: from EXEC_TRAJ to REPLAN_TRAJ
[ego_planner_node-5] [47;30m
[ego_planner_node-5] [drone 0 replan 2]==============================================[0m
[ego_planner_node-5] [1;33mmulti-trajs=1[1;0m
[ego_planner_node-5] [32miter(+1)=1,time(ms)=0.028,total_t(ms)=0.028,cost=0.013
[ego_planner_node-5] [0mtraj 1 success.
[ego_planner_node-5] plan_success=1
[ego_planner_node-5] Need to reallocate time.
[ego_planner_node-5] total time:[42m0.000323349[0m,optimize:0.000228754,refine:9.4595e-05,avg_time=0.000273824
[ego_planner_node-5] refine_success=1
[ego_planner_node-5] [FSM]: from REPLAN_TRAJ to EXEC_TRAJ
[ego_planner_node-5] [FSM]: state: EXEC_TRAJ
[ego_planner_node-5] Triggered!
[ego_planner_node-5] [TRIG]: from EXEC_TRAJ to REPLAN_TRAJ
[ego_planner_node-5] [47;30m
[ego_planner_node-5] [drone 0 replan 3]==============================================[0m
[ego_planner_node-5] [1;33mmulti-trajs=1[1;0m
[ego_planner_node-5] [32miter(+1)=1,time(ms)=0.012,total_t(ms)=0.012,cost=0.013
[ego_planner_node-5] [0mtraj 1 success.
[ego_planner_node-5] plan_success=1
[ego_planner_node-5] total time:[42m0.000160467[0m,optimize:0.000157321,refine:3.146e-06,avg_time=0.000245485
[ego_planner_node-5] refine_success=1
[ego_planner_node-5] [FSM]: from REPLAN_TRAJ to EXEC_TRAJ
[ego_planner_node-5] Triggered!
[ego_planner_node-5] [TRIG]: from EXEC_TRAJ to REPLAN_TRAJ
[ego_planner_node-5] [47;30m
[ego_planner_node-5] [drone 0 replan 4]==============================================[0m
[ego_planner_node-5] [1;33mmulti-trajs=1[1;0m
[ego_planner_node-5] [32miter(+1)=1,time(ms)=0.012,total_t(ms)=0.013,cost=0.014
[ego_planner_node-5] [0mtraj 1 success.
[ego_planner_node-5] plan_success=1
[ego_planner_node-5] total time:[42m0.000162802[0m,optimize:0.000159856,refine:2.946e-06,avg_time=0.000228948
[ego_planner_node-5] refine_success=1
[ego_planner_node-5] [FSM]: from REPLAN_TRAJ to EXEC_TRAJ
[ego_planner_node-5] [FSM]: state: EXEC_TRAJ
[ego_planner_node-5] Triggered!
[ego_planner_node-5] [TRIG]: from EXEC_TRAJ to REPLAN_TRAJ
[ego_planner_node-5] [47;30m
[ego_planner_node-5] [drone 0 replan 5]==============================================[0m
[ego_planner_node-5] [1;33mmulti-trajs=1[1;0m
[ego_planner_node-5] [32miter(+1)=1,time(ms)=0.007,total_t(ms)=0.007,cost=0.016
[ego_planner_node-5] [0mtraj 1 success.
[ego_planner_node-5] plan_success=1
[ego_planner_node-5] total time:[42m8.045e-05[0m,optimize:7.9147e-05,refine:1.303e-06,avg_time=0.000204199
[ego_planner_node-5] refine_success=1
[ego_planner_node-5] [FSM]: from REPLAN_TRAJ to EXEC_TRAJ
[map_adapter-2] [INFO] [1784809838.896479729] [map_adapter]: adapted cloud #120 width=33370 occ=136x88 topdown_cells=650
[ego_planner_node-5] [FSM]: state: EXEC_TRAJ
[ego_planner_node-5] [FSM]: state: EXEC_TRAJ
[local_sense_cloud-6] [INFO] [1784809840.315378629] [drone_0_local_sense_cloud]: local cloud #150: 892 pts @ (-14.6,0.3,0.1)
[local_sense_cloud-6] [INFO] [1784809840.523803239] [drone_0_local_sense_cloud]: global cloud cached: 31782 points
[map_adapter-2] [INFO] [1784809841.136236281] [map_adapter]: adapted cloud #140 width=33370 occ=136x88 topdown_cells=650
[ego_planner_node-5] [FSM]: state: EXEC_TRAJ
[ego_planner_node-5] [FSM]: from EXEC_TRAJ to REPLAN_TRAJ
[ego_planner_node-5] [47;30m
[ego_planner_node-5] [drone 0 replan 6]==============================================[0m
[ego_planner_node-5] [1;33mmulti-trajs=1[1;0m
[ego_planner_node-5] [32miter(+1)=8,time(ms)=0.017,total_t(ms)=0.017,cost=0.044
[ego_planner_node-5] [0mtraj 1 success.
[ego_planner_node-5] plan_success=1
[ego_planner_node-5] total time:[42m8.8604e-05[0m,optimize:8.7452e-05,refine:1.152e-06,avg_time=0.000187685
[ego_planner_node-5] refine_success=1
[ego_planner_node-5] [FSM]: from REPLAN_TRAJ to EXEC_TRAJ
[ego_planner_node-5] [FSM]: state: EXEC_TRAJ
[ego_planner_node-5] [FSM]: state: EXEC_TRAJ
[map_adapter-2] [INFO] [1784809843.363315278] [map_adapter]: adapted cloud #160 width=33370 occ=136x88 topdown_cells=650
[ego_planner_node-5] [FSM]: state: EXEC_TRAJ
[ego_planner_node-5] [FSM]: from EXEC_TRAJ to REPLAN_TRAJ
[ego_planner_node-5] [47;30m
[ego_planner_node-5] [drone 0 replan 7]==============================================[0m
[ego_planner_node-5] [1;33mmulti-trajs=1[1;0m
[ego_planner_node-5] [32miter(+1)=7,time(ms)=0.015,total_t(ms)=0.015,cost=0.031
[ego_planner_node-5] [0mtraj 1 success.
[ego_planner_node-5] plan_success=1
[ego_planner_node-5] total time:[42m9.3944e-05[0m,optimize:9.2371e-05,refine:1.573e-06,avg_time=0.000175967
[ego_planner_node-5] refine_success=1
[ego_planner_node-5] [FSM]: from REPLAN_TRAJ to EXEC_TRAJ
[ego_planner_node-5] [FSM]: state: EXEC_TRAJ
[local_sense_cloud-6] [INFO] [1784809845.321827281] [drone_0_local_sense_cloud]: local cloud #200: 1382 pts @ (-13.3,1.4,0.3)
[local_sense_cloud-6] [INFO] [1784809845.528089052] [drone_0_local_sense_cloud]: global cloud cached: 31782 points
[map_adapter-2] [INFO] [1784809845.610102356] [map_adapter]: adapted cloud #180 width=33370 occ=136x88 topdown_cells=650
[ego_planner_node-5] [FSM]: state: EXEC_TRAJ
[ego_planner_node-5] [FSM]: state: EXEC_TRAJ
[ego_planner_node-5] [FSM]: from EXEC_TRAJ to REPLAN_TRAJ
[ego_planner_node-5] [47;30m
[ego_planner_node-5] [drone 0 replan 8]==============================================[0m
[ego_planner_node-5] [1;33mmulti-trajs=1[1;0m
[ego_planner_node-5] [32miter(+1)=9,time(ms)=0.033,total_t(ms)=0.033,cost=0.020
[ego_planner_node-5] [0mtraj 1 success.
[ego_planner_node-5] plan_success=1
[ego_planner_node-5] total time:[42m0.000155589[0m,optimize:0.000153635,refine:1.954e-06,avg_time=0.000173703
[ego_planner_node-5] refine_success=1
[ego_planner_node-5] [FSM]: from REPLAN_TRAJ to EXEC_TRAJ
[map_adapter-2] [INFO] [1784809848.075260136] [map_adapter]: adapted cloud #200 width=33370 occ=136x88 topdown_cells=650
[ego_planner_node-5] [FSM]: state: EXEC_TRAJ
[ego_planner_node-5] [FSM]: state: EXEC_TRAJ
[map_adapter-2] [INFO] [1784809850.249551544] [map_adapter]: adapted cloud #220 width=33370 occ=136x88 topdown_cells=650
[local_sense_cloud-6] [INFO] [1784809850.313614672] [drone_0_local_sense_cloud]: local cloud #250: 2326 pts @ (-12.2,2.4,0.5)
[ego_planner_node-5] [FSM]: state: EXEC_TRAJ
[local_sense_cloud-6] [INFO] [1784809850.608769958] [drone_0_local_sense_cloud]: global cloud cached: 31782 points
[ego_planner_node-5] [FSM]: from EXEC_TRAJ to REPLAN_TRAJ
[ego_planner_node-5] [47;30m
[ego_planner_node-5] [drone 0 replan 9]==============================================[0m
[ego_planner_node-5] [1;33mmulti-trajs=1[1;0m
[ego_planner_node-5] [32miter(+1)=9,time(ms)=0.016,total_t(ms)=0.017,cost=0.035
[ego_planner_node-5] [0mtraj 1 success.
[ego_planner_node-5] plan_success=1
[ego_planner_node-5] total time:[42m8.8845e-05[0m,optimize:8.7432e-05,refine:1.413e-06,avg_time=0.000165217
[ego_planner_node-5] refine_success=1
[ego_planner_node-5] [FSM]: from REPLAN_TRAJ to EXEC_TRAJ
[ego_planner_node-5] [FSM]: state: EXEC_TRAJ
[map_adapter-2] [INFO] [1784809852.365321781] [map_adapter]: adapted cloud #240 width=33370 occ=136x88 topdown_cells=650
[ego_planner_node-5] [FSM]: state: EXEC_TRAJ
[ego_planner_node-5] [FSM]: state: EXEC_TRAJ
[ego_planner_node-5] [FSM]: from EXEC_TRAJ to REPLAN_TRAJ
[ego_planner_node-5] [47;30m
[ego_planner_node-5] [drone 0 replan 10]==============================================[0m
[ego_planner_node-5] [1;33mmulti-trajs=1[1;0m
[ego_planner_node-5] [32miter(+1)=8,time(ms)=0.020,total_t(ms)=0.020,cost=0.014
[ego_planner_node-5] [0mtraj 1 success.
[ego_planner_node-5] plan_success=1
[ego_planner_node-5] total time:[42m8.8455e-05[0m,optimize:8.7052e-05,refine:1.403e-06,avg_time=0.000158239
[ego_planner_node-5] refine_success=1
[ego_planner_node-5] [FSM]: from REPLAN_TRAJ to EXEC_TRAJ
[ego_planner_node-5] [FSM]: state: EXEC_TRAJ
[map_adapter-2] [INFO] [1784809854.581313961] [map_adapter]: adapted cloud #260 width=33370 occ=136x88 topdown_cells=650
[local_sense_cloud-6] [INFO] [1784809855.314786062] [drone_0_local_sense_cloud]: local cloud #300: 2035 pts @ (-11.1,3.3,0.6)
[ego_planner_node-5] [FSM]: state: EXEC_TRAJ
[local_sense_cloud-6] [INFO] [1784809855.620674185] [drone_0_local_sense_cloud]: global cloud cached: 31782 points
[ego_planner_node-5] [FSM]: state: EXEC_TRAJ
[ego_planner_node-5] [FSM]: from EXEC_TRAJ to REPLAN_TRAJ
[ego_planner_node-5] [47;30m
[ego_planner_node-5] [drone 0 replan 11]==============================================[0m
[ego_planner_node-5] [1;33mmulti-trajs=1[1;0m
[ego_planner_node-5] iter=7,time(ms)=0.45295,rebound.
[ego_planner_node-5] [32miter(+1)=18,time(ms)=0.029,total_t(ms)=0.497,cost=0.056
[ego_planner_node-5] [0mtraj 1 success.
[ego_planner_node-5] plan_success=1
[ego_planner_node-5] total time:[42m0.000605123[0m,optimize:0.000603489,refine:1.634e-06,avg_time=0.000195479
[ego_planner_node-5] refine_success=1
[ego_planner_node-5] [FSM]: from REPLAN_TRAJ to EXEC_TRAJ
[map_adapter-2] [INFO] [1784809856.805753216] [map_adapter]: adapted cloud #280 width=33370 occ=136x88 topdown_cells=650
[ego_planner_node-5] [FSM]: state: EXEC_TRAJ
[ego_planner_node-5] [FSM]: state: EXEC_TRAJ
[map_adapter-2] [INFO] [1784809859.106130450] [map_adapter]: adapted cloud #300 width=33370 occ=136x88 topdown_cells=650
[ego_planner_node-5] [FSM]: state: EXEC_TRAJ
[ego_planner_node-5] [FSM]: from EXEC_TRAJ to REPLAN_TRAJ
[ego_planner_node-5] [47;30m
[ego_planner_node-5] [drone 0 replan 12]==============================================[0m
[ego_planner_node-5] [1;33mmulti-trajs=1[1;0m
[ego_planner_node-5] [32miter(+1)=9,time(ms)=0.023,total_t(ms)=0.023,cost=0.036
[ego_planner_node-5] [0mtraj 1 success.
[ego_planner_node-5] plan_success=1
[ego_planner_node-5] total time:[42m0.000107219[0m,optimize:0.000105806,refine:1.413e-06,avg_time=0.00018869
[ego_planner_node-5] refine_success=1
[ego_planner_node-5] [FSM]: from REPLAN_TRAJ to EXEC_TRAJ
[local_sense_cloud-6] [INFO] [1784809860.317812944] [drone_0_local_sense_cloud]: local cloud #350: 2544 pts @ (-9.9,4.2,0.9)
[ego_planner_node-5] [FSM]: state: EXEC_TRAJ
[local_sense_cloud-6] [INFO] [1784809860.711166969] [drone_0_local_sense_cloud]: global cloud cached: 31782 points
[map_adapter-2] [INFO] [1784809861.256154226] [map_adapter]: adapted cloud #320 width=33370 occ=136x88 topdown_cells=650
[ego_planner_node-5] [FSM]: state: EXEC_TRAJ
[ego_planner_node-5] [FSM]: state: EXEC_TRAJ
[ego_planner_node-5] [FSM]: from EXEC_TRAJ to REPLAN_TRAJ
[ego_planner_node-5] [47;30m
[ego_planner_node-5] [drone 0 replan 13]==============================================[0m
[ego_planner_node-5] [1;33mmulti-trajs=1[1;0m
[ego_planner_node-5] [32miter(+1)=9,time(ms)=0.032,total_t(ms)=0.033,cost=0.026
[ego_planner_node-5] [0mtraj 1 success.
[ego_planner_node-5] plan_success=1
[ego_planner_node-5] total time:[42m0.000121125[0m,optimize:0.000119793,refine:1.332e-06,avg_time=0.000183864
[ego_planner_node-5] refine_success=1
[ego_planner_node-5] [FSM]: from REPLAN_TRAJ to EXEC_TRAJ
[map_adapter-2] [INFO] [1784809863.506898773] [map_adapter]: adapted cloud #340 width=33370 occ=136x88 topdown_cells=650
[ego_planner_node-5] [FSM]: state: EXEC_TRAJ
[ego_planner_node-5] [FSM]: state: EXEC_TRAJ
[local_sense_cloud-6] [INFO] [1784809865.324401514] [drone_0_local_sense_cloud]: local cloud #400: 3366 pts @ (-8.6,4.5,1.1)
[ego_planner_node-5] [FSM]: state: EXEC_TRAJ
[map_adapter-2] [INFO] [1784809865.706276911] [map_adapter]: adapted cloud #360 width=33370 occ=136x88 topdown_cells=650
[local_sense_cloud-6] [INFO] [1784809865.811866541] [drone_0_local_sense_cloud]: global cloud cached: 31782 points
[ego_planner_node-5] [FSM]: state: EXEC_TRAJ
[ego_planner_node-5] [FSM]: state: EXEC_TRAJ
[map_adapter-2] [INFO] [1784809867.915529568] [map_adapter]: adapted cloud #380 width=33370 occ=136x88 topdown_cells=650
[ego_planner_node-5] [FSM]: state: EXEC_TRAJ
[ego_planner_node-5] [FSM]: state: EXEC_TRAJ
[map_adapter-2] [INFO] [1784809870.101304074] [map_adapter]: adapted cloud #400 width=33370 occ=136x88 topdown_cells=650
[local_sense_cloud-6] [INFO] [1784809870.317178069] [drone_0_local_sense_cloud]: local cloud #450: 3660 pts @ (-7.9,5.7,1.1)
[ego_planner_node-5] [FSM]: state: EXEC_TRAJ
[ego_planner_node-5] [FSM]: from EXEC_TRAJ to WAIT_TARGET
[local_sense_cloud-6] [INFO] [1784809870.815084822] [drone_0_local_sense_cloud]: global cloud cached: 31782 points
[ego_planner_node-5] [FSM]: state: WAIT_TARGET
[ego_planner_node-5] wait for goal or trigger.
[ego_planner_node-5] Triggered!
[waypoint_publisher-10] [INFO] [1784809871.892038847] [waypoint_publisher]: Waypoint cycle 1/1 2/8: (8.00, 6.00, 1.00)
[ego_planner_node-5] [FSM]: from WAIT_TARGET to SEQUENTIAL_START
[ego_planner_node-5] [47;30m
[ego_planner_node-5] [drone 0 replan 14]==============================================[0m
[ego_planner_node-5] [1;33mmulti-trajs=1[1;0m
[ego_planner_node-5] [32miter(+1)=1,time(ms)=0.010,total_t(ms)=0.010,cost=0.059
[ego_planner_node-5] [0mtraj 1 success.
[ego_planner_node-5] plan_success=1
[ego_planner_node-5] Need to reallocate time.
[ego_planner_node-5] total time:[42m0.000253509[0m,optimize:0.000110935,refine:0.000142574,avg_time=0.000188507
[ego_planner_node-5] refine_success=1
[ego_planner_node-5] [FSM]: from SEQUENTIAL_START to EXEC_TRAJ
[map_adapter-2] [INFO] [1784809872.264113992] [map_adapter]: adapted cloud #420 width=33370 occ=136x88 topdown_cells=650
[ego_planner_node-5] Triggered!
[ego_planner_node-5] [TRIG]: from EXEC_TRAJ to REPLAN_TRAJ
[ego_planner_node-5] [47;30m
[ego_planner_node-5] [drone 0 replan 15]==============================================[0m
[ego_planner_node-5] [1;33mmulti-trajs=1[1;0m
[ego_planner_node-5] [32miter(+1)=1,time(ms)=0.009,total_t(ms)=0.010,cost=0.052
[ego_planner_node-5] [0mtraj 1 success.
[ego_planner_node-5] plan_success=1
[ego_planner_node-5] Need to reallocate time.
[ego_planner_node-5] total time:[42m0.000203968[0m,optimize:9.0327e-05,refine:0.000113641,avg_time=0.000189473
[ego_planner_node-5] refine_success=1
[ego_planner_node-5] [FSM]: from REPLAN_TRAJ to EXEC_TRAJ
[ego_planner_node-5] [FSM]: state: EXEC_TRAJ
[ego_planner_node-5] Triggered!
[ego_planner_node-5] [TRIG]: from EXEC_TRAJ to REPLAN_TRAJ
[ego_planner_node-5] [47;30m
[ego_planner_node-5] [drone 0 replan 16]==============================================[0m
[ego_planner_node-5] [1;33mmulti-trajs=1[1;0m
[ego_planner_node-5] [32miter(+1)=1,time(ms)=0.010,total_t(ms)=0.010,cost=0.046
[ego_planner_node-5] [0mtraj 1 success.
[ego_planner_node-5] plan_success=1
[ego_planner_node-5] Need to reallocate time.
[ego_planner_node-5] total time:[42m0.000207834[0m,optimize:9.5406e-05,refine:0.000112428,avg_time=0.000190553
[ego_planner_node-5] refine_success=1
[ego_planner_node-5] [FSM]: from REPLAN_TRAJ to EXEC_TRAJ
[ego_planner_node-5] Triggered!
[ego_planner_node-5] [TRIG]: from EXEC_TRAJ to REPLAN_TRAJ
[ego_planner_node-5] [47;30m
[ego_planner_node-5] [drone 0 replan 17]==============================================[0m
[ego_planner_node-5] [1;33mmulti-trajs=1[1;0m
[ego_planner_node-5] [32miter(+1)=1,time(ms)=0.012,total_t(ms)=0.012,cost=0.041
[ego_planner_node-5] [0mtraj 1 success.
[ego_planner_node-5] plan_success=1
[ego_planner_node-5] Need to reallocate time.
[ego_planner_node-5] total time:[42m0.00022084[0m,optimize:0.000103913,refine:0.000116927,avg_time=0.000192236
[ego_planner_node-5] refine_success=1
[ego_planner_node-5] [FSM]: from REPLAN_TRAJ to EXEC_TRAJ
[ego_planner_node-5] [FSM]: state: EXEC_TRAJ
[ego_planner_node-5] Triggered!
[ego_planner_node-5] [TRIG]: from EXEC_TRAJ to REPLAN_TRAJ
[ego_planner_node-5] [47;30m
[ego_planner_node-5] [drone 0 replan 18]==============================================[0m
[ego_planner_node-5] [1;33mmulti-trajs=1[1;0m
[ego_planner_node-5] [32miter(+1)=1,time(ms)=0.010,total_t(ms)=0.011,cost=0.037
[ego_planner_node-5] [0mtraj 1 success.
[ego_planner_node-5] plan_success=1
[ego_planner_node-5] Need to reallocate time.
[ego_planner_node-5] total time:[42m0.000215069[0m,optimize:0.000100977,refine:0.000114092,avg_time=0.000193438
[ego_planner_node-5] refine_success=1
[ego_planner_node-5] [FSM]: from REPLAN_TRAJ to EXEC_TRAJ
[map_adapter-2] [INFO] [1784809874.466277564] [map_adapter]: adapted cloud #440 width=33370 occ=136x88 topdown_cells=650
[ego_planner_node-5] [FSM]: state: EXEC_TRAJ
[ego_planner_node-5] Triggered!
[ego_planner_node-5] [TRIG]: from EXEC_TRAJ to REPLAN_TRAJ
[ego_planner_node-5] [47;30m
[ego_planner_node-5] [drone 0 replan 19]==============================================[0m
[ego_planner_node-5] [1;33mmulti-trajs=1[1;0m
[ego_planner_node-5] [32miter(+1)=1,time(ms)=0.008,total_t(ms)=0.009,cost=0.035
[ego_planner_node-5] [0mtraj 1 success.
[ego_planner_node-5] plan_success=1
[ego_planner_node-5] Need to reallocate time.
[ego_planner_node-5] total time:[42m0.000136673[0m,optimize:8.2122e-05,refine:5.4551e-05,avg_time=0.000190599
[ego_planner_node-5] refine_success=1
[ego_planner_node-5] [FSM]: from REPLAN_TRAJ to EXEC_TRAJ
[local_sense_cloud-6] [INFO] [1784809875.317913674] [drone_0_local_sense_cloud]: local cloud #500: 3613 pts @ (-7.9,6.1,1.1)
[ego_planner_node-5] [FSM]: state: EXEC_TRAJ
[local_sense_cloud-6] [INFO] [1784809875.914484479] [drone_0_local_sense_cloud]: global cloud cached: 31782 points
[map_adapter-2] [INFO] [1784809876.630300118] [map_adapter]: adapted cloud #460 width=33370 occ=136x88 topdown_cells=650
[ego_planner_node-5] [FSM]: state: EXEC_TRAJ
[ego_planner_node-5] [FSM]: state: EXEC_TRAJ
[ego_planner_node-5] [FSM]: from EXEC_TRAJ to REPLAN_TRAJ
[ego_planner_node-5] [47;30m
[ego_planner_node-5] [drone 0 replan 20]==============================================[0m
[ego_planner_node-5] [1;33mmulti-trajs=1[1;0m
[ego_planner_node-5] [32miter(+1)=8,time(ms)=0.028,total_t(ms)=0.028,cost=0.012
[ego_planner_node-5] [0mtraj 1 success.
[ego_planner_node-5] plan_success=1
[ego_planner_node-5] total time:[42m0.000135722[0m,optimize:0.000133949,refine:1.773e-06,avg_time=0.000187986
[ego_planner_node-5] refine_success=1
[ego_planner_node-5] [FSM]: from REPLAN_TRAJ to EXEC_TRAJ
[map_adapter-2] [INFO] [1784809878.754987743] [map_adapter]: adapted cloud #480 width=33370 occ=136x88 topdown_cells=650
[ego_planner_node-5] [FSM]: state: EXEC_TRAJ
[ego_planner_node-5] [FSM]: state: EXEC_TRAJ
[local_sense_cloud-6] [INFO] [1784809880.324031118] [drone_0_local_sense_cloud]: local cloud #550: 4612 pts @ (-6.9,6.2,1.0)
[ego_planner_node-5] [FSM]: state: EXEC_TRAJ
[map_adapter-2] [INFO] [1784809880.904937466] [map_adapter]: adapted cloud #500 width=33370 occ=136x88 topdown_cells=650
[ego_planner_node-5] [FSM]: from EXEC_TRAJ to REPLAN_TRAJ
[ego_planner_node-5] [47;30m
[ego_planner_node-5] [drone 0 replan 21]==============================================[0m
[ego_planner_node-5] [1;33mmulti-trajs=1[1;0m
[ego_planner_node-5] [32miter(+1)=6,time(ms)=0.032,total_t(ms)=0.033,cost=0.013
[ego_planner_node-5] [0mtraj 1 success.
[ego_planner_node-5] plan_success=1
[ego_planner_node-5] Need to reallocate time.
[ego_planner_node-5] total time:[42m0.000536354[0m,optimize:0.000174944,refine:0.00036141,avg_time=0.000203821
[ego_planner_node-5] refine_success=1
[ego_planner_node-5] [FSM]: from REPLAN_TRAJ to EXEC_TRAJ
[local_sense_cloud-6] [INFO] [1784809881.013419142] [drone_0_local_sense_cloud]: global cloud cached: 31782 points
[ego_planner_node-5] [FSM]: state: EXEC_TRAJ
[ego_planner_node-5] [FSM]: state: EXEC_TRAJ
[map_adapter-2] [INFO] [1784809883.016449254] [map_adapter]: adapted cloud #520 width=33370 occ=136x88 topdown_cells=650
[ego_planner_node-5] [FSM]: state: EXEC_TRAJ
[ego_planner_node-5] [FSM]: from EXEC_TRAJ to REPLAN_TRAJ
[ego_planner_node-5] [47;30m
[ego_planner_node-5] [drone 0 replan 22]==============================================[0m
[ego_planner_node-5] [1;33mmulti-trajs=1[1;0m
[ego_planner_node-5] [32miter(+1)=9,time(ms)=0.049,total_t(ms)=0.049,cost=0.018
[ego_planner_node-5] [0mtraj 1 success.
[ego_planner_node-5] plan_success=1
[ego_planner_node-5] total time:[42m0.000224556[0m,optimize:0.00022118,refine:3.376e-06,avg_time=0.000204723
[ego_planner_node-5] refine_success=1
[ego_planner_node-5] [FSM]: from REPLAN_TRAJ to EXEC_TRAJ
[ego_planner_node-5] [FSM]: state: EXEC_TRAJ
[map_adapter-2] [INFO] [1784809885.243394528] [map_adapter]: adapted cloud #540 width=33370 occ=136x88 topdown_cells=650
[local_sense_cloud-6] [INFO] [1784809885.322972431] [drone_0_local_sense_cloud]: local cloud #600: 6002 pts @ (-5.3,6.1,1.1)
[ego_planner_node-5] [FSM]: state: EXEC_TRAJ
[local_sense_cloud-6] [INFO] [1784809886.034025653] [drone_0_local_sense_cloud]: global cloud cached: 31782 points
[ego_planner_node-5] [FSM]: state: EXEC_TRAJ
[ego_planner_node-5] [FSM]: from EXEC_TRAJ to REPLAN_TRAJ
[ego_planner_node-5] [47;30m
[ego_planner_node-5] [drone 0 replan 23]==============================================[0m
[ego_planner_node-5] [1;33mmulti-trajs=1[1;0m
[ego_planner_node-5] [32miter(+1)=8,time(ms)=0.019,total_t(ms)=0.019,cost=0.005
[ego_planner_node-5] [0mtraj 1 success.
[ego_planner_node-5] plan_success=1
[ego_planner_node-5] total time:[42m9.8302e-05[0m,optimize:9.691e-05,refine:1.392e-06,avg_time=0.000200288
[ego_planner_node-5] refine_success=1
[ego_planner_node-5] [FSM]: from REPLAN_TRAJ to EXEC_TRAJ
[map_adapter-2] [INFO] [1784809887.591982353] [map_adapter]: adapted cloud #560 width=33370 occ=136x88 topdown_cells=650
[ego_planner_node-5] [FSM]: state: EXEC_TRAJ
[ego_planner_node-5] [FSM]: state: EXEC_TRAJ
[ego_planner_node-5] [FSM]: from EXEC_TRAJ to REPLAN_TRAJ
[ego_planner_node-5] [47;30m
[ego_planner_node-5] [drone 0 replan 24]==============================================[0m
[ego_planner_node-5] [1;33mmulti-trajs=1[1;0m
[ego_planner_node-5] [32miter(+1)=5,time(ms)=0.100,total_t(ms)=0.102,cost=0.005
[ego_planner_node-5] [0mtraj 1 success.
[ego_planner_node-5] plan_success=1
[ego_planner_node-5] total time:[42m0.000649666[0m,optimize:0.00064673,refine:2.936e-06,avg_time=0.000218264
[ego_planner_node-5] refine_success=1
[ego_planner_node-5] [FSM]: from REPLAN_TRAJ to EXEC_TRAJ
[ego_planner_node-5] [FSM]: state: EXEC_TRAJ
[map_adapter-2] [INFO] [1784809890.086376579] [map_adapter]: adapted cloud #580 width=33370 occ=136x88 topdown_cells=650
[local_sense_cloud-6] [INFO] [1784809890.321093167] [drone_0_local_sense_cloud]: local cloud #650: 5278 pts @ (-3.8,6.1,1.1)
[ego_planner_node-5] [FSM]: state: EXEC_TRAJ
[local_sense_cloud-6] [INFO] [1784809891.047638018] [drone_0_local_sense_cloud]: global cloud cached: 31782 points
[ego_planner_node-5] [FSM]: state: EXEC_TRAJ
[map_adapter-2] [INFO] [1784809892.398111792] [map_adapter]: adapted cloud #600 width=33370 occ=136x88 topdown_cells=650
[ego_planner_node-5] [FSM]: from EXEC_TRAJ to REPLAN_TRAJ
[ego_planner_node-5] [47;30m
[ego_planner_node-5] [drone 0 replan 25]==============================================[0m
[ego_planner_node-5] [1;33mmulti-trajs=1[1;0m
[ego_planner_node-5] [32miter(+1)=6,time(ms)=0.026,total_t(ms)=0.027,cost=0.006
[ego_planner_node-5] [0mtraj 1 success.
[ego_planner_node-5] plan_success=1
[ego_planner_node-5] total time:[42m0.000151221[0m,optimize:0.000149367,refine:1.854e-06,avg_time=0.000215685
[ego_planner_node-5] refine_success=1
[ego_planner_node-5] [FSM]: from REPLAN_TRAJ to EXEC_TRAJ
[ego_planner_node-5] [FSM]: state: EXEC_TRAJ
[ego_planner_node-5] [FSM]: state: EXEC_TRAJ
[map_adapter-2] [INFO] [1784809894.668774591] [map_adapter]: adapted cloud #620 width=33370 occ=136x88 topdown_cells=650
[ego_planner_node-5] [FSM]: state: EXEC_TRAJ
[local_sense_cloud-6] [INFO] [1784809895.318077269] [drone_0_local_sense_cloud]: local cloud #700: 5038 pts @ (-2.3,6.1,1.1)
[ego_planner_node-5] [FSM]: from EXEC_TRAJ to REPLAN_TRAJ
[ego_planner_node-5] [47;30m
[ego_planner_node-5] [drone 0 replan 26]==============================================[0m
[ego_planner_node-5] [1;33mmulti-trajs=1[1;0m
[ego_planner_node-5] [32miter(+1)=4,time(ms)=0.023,total_t(ms)=0.023,cost=0.002
[ego_planner_node-5] [0mtraj 1 success.
[ego_planner_node-5] plan_success=1
[ego_planner_node-5] total time:[42m0.000131444[0m,optimize:0.00012947,refine:1.974e-06,avg_time=0.000212565
[ego_planner_node-5] refine_success=1
[ego_planner_node-5] [FSM]: from REPLAN_TRAJ to EXEC_TRAJ
[ego_planner_node-5] [FSM]: state: EXEC_TRAJ
[local_sense_cloud-6] [INFO] [1784809896.125300489] [drone_0_local_sense_cloud]: global cloud cached: 31782 points
[map_adapter-2] [INFO] [1784809896.904817090] [map_adapter]: adapted cloud #640 width=33370 occ=136x88 topdown_cells=650
[ego_planner_node-5] [FSM]: state: EXEC_TRAJ
[ego_planner_node-5] [FSM]: state: EXEC_TRAJ
[ego_planner_node-5] [FSM]: from EXEC_TRAJ to REPLAN_TRAJ
[ego_planner_node-5] [47;30m
[ego_planner_node-5] [drone 0 replan 27]==============================================[0m
[ego_planner_node-5] [1;33mmulti-trajs=2[1;0m
[ego_planner_node-5] [32miter(+1)=33,time(ms)=0.147,total_t(ms)=0.147,cost=0.080
[ego_planner_node-5] [0mtraj 1 success.
[ego_planner_node-5] [32miter(+1)=17,time(ms)=0.062,total_t(ms)=0.062,cost=0.044
[ego_planner_node-5] [0mtraj 2 success.
[ego_planner_node-5] plan_success=1
[ego_planner_node-5] total time:[42m0.0004[0m,optimize:0.0004,refine:2.2e-06,avg_time=0.00022
[ego_planner_node-5] refine_success=1
[ego_planner_node-5] [FSM]: from REPLAN_TRAJ to EXEC_TRAJ
[ego_planner_node-5] [FSM]: state: EXEC_TRAJ
[map_adapter-2] [INFO] [1784809899.316524956] [map_adapter]: adapted cloud #660 width=33370 occ=136x88 topdown_cells=650
[ego_planner_node-5] [FSM]: state: EXEC_TRAJ
[local_sense_cloud-6] [INFO] [1784809900.325144710] [drone_0_local_sense_cloud]: local cloud #750: 5618 pts @ (-0.8,6.1,1.1)
[ego_planner_node-5] [FSM]: state: EXEC_TRAJ
[local_sense_cloud-6] [INFO] [1784809901.226672281] [drone_0_local_sense_cloud]: global cloud cached: 31782 points
[map_adapter-2] [INFO] [1784809901.580185567] [map_adapter]: adapted cloud #680 width=33370 occ=136x88 topdown_cells=650
[ego_planner_node-5] [FSM]: from EXEC_TRAJ to REPLAN_TRAJ
[ego_planner_node-5] [47;30m
[ego_planner_node-5] [drone 0 replan 28]==============================================[0m
[ego_planner_node-5] [1;33mmulti-trajs=1[1;0m
[ego_planner_node-5] [32miter(+1)=8,time(ms)=0.018,total_t(ms)=0.018,cost=0.024
[ego_planner_node-5] [0mtraj 1 success.
[ego_planner_node-5] plan_success=1
[ego_planner_node-5] total time:[42m9.5e-05[0m,optimize:9.4e-05,refine:1.3e-06,avg_time=0.00022
[ego_planner_node-5] refine_success=1
[ego_planner_node-5] [FSM]: from REPLAN_TRAJ to EXEC_TRAJ
[ego_planner_node-5] [FSM]: state: EXEC_TRAJ
[ego_planner_node-5] [FSM]: state: EXEC_TRAJ
[map_adapter-2] [INFO] [1784809903.949060960] [map_adapter]: adapted cloud #700 width=33370 occ=136x88 topdown_cells=650
[ego_planner_node-5] [FSM]: state: EXEC_TRAJ
[ego_planner_node-5] [FSM]: from EXEC_TRAJ to REPLAN_TRAJ
[ego_planner_node-5] [47;30m
[ego_planner_node-5] [drone 0 replan 29]==============================================[0m
[ego_planner_node-5] [1;33mmulti-trajs=1[1;0m
[ego_planner_node-5] [32miter(+1)=9,time(ms)=0.021,total_t(ms)=0.021,cost=0.030
[ego_planner_node-5] [0mtraj 1 success.
[ego_planner_node-5] plan_success=1
[ego_planner_node-5] total time:[42m0.0001[0m,optimize:9.9e-05,refine:1.4e-06,avg_time=0.00021
[ego_planner_node-5] refine_success=1
[ego_planner_node-5] [FSM]: from REPLAN_TRAJ to EXEC_TRAJ
[ego_planner_node-5] [FSM]: state: EXEC_TRAJ
[local_sense_cloud-6] [INFO] [1784809905.323826191] [drone_0_local_sense_cloud]: local cloud #800: 5555 pts @ (0.7,6.1,1.1)
[local_sense_cloud-6] [INFO] [1784809906.245969899] [drone_0_local_sense_cloud]: global cloud cached: 31782 points
[ego_planner_node-5] [FSM]: state: EXEC_TRAJ
[map_adapter-2] [INFO] [1784809906.331861824] [map_adapter]: adapted cloud #720 width=33370 occ=136x88 topdown_cells=650
[ego_planner_node-5] [FSM]: state: EXEC_TRAJ
[ego_planner_node-5] [FSM]: from EXEC_TRAJ to REPLAN_TRAJ
[ego_planner_node-5] [47;30m
[ego_planner_node-5] [drone 0 replan 30]==============================================[0m
[ego_planner_node-5] [1;33mmulti-trajs=1[1;0m
[ego_planner_node-5] [32miter(+1)=10,time(ms)=0.038,total_t(ms)=0.039,cost=0.036
[ego_planner_node-5] [0mtraj 1 success.
[ego_planner_node-5] plan_success=1
[ego_planner_node-5] total time:[42m0.00013[0m,optimize:0.00013,refine:1.6e-06,avg_time=0.00021
[ego_planner_node-5] refine_success=1
[ego_planner_node-5] [FSM]: from REPLAN_TRAJ to EXEC_TRAJ
[ego_planner_node-5] [FSM]: state: EXEC_TRAJ
[map_adapter-2] [INFO] [1784809908.648035062] [map_adapter]: adapted cloud #740 width=33370 occ=136x88 topdown_cells=650
[ego_planner_node-5] [FSM]: state: EXEC_TRAJ
[local_sense_cloud-6] [INFO] [1784809910.338325935] [drone_0_local_sense_cloud]: local cloud #850: 4438 pts @ (2.2,6.0,1.1)
[ego_planner_node-5] [FSM]: state: EXEC_TRAJ
[map_adapter-2] [INFO] [1784809910.914596561] [map_adapter]: adapted cloud #760 width=33370 occ=136x88 topdown_cells=650
[ego_planner_node-5] [FSM]: from EXEC_TRAJ to REPLAN_TRAJ
[ego_planner_node-5] [47;30m
[ego_planner_node-5] [drone 0 replan 31]==============================================[0m
[ego_planner_node-5] [1;33mmulti-trajs=1[1;0m
[ego_planner_node-5] [32miter(+1)=10,time(ms)=0.032,total_t(ms)=0.032,cost=0.019
[ego_planner_node-5] [0mtraj 1 success.
[ego_planner_node-5] plan_success=1
[ego_planner_node-5] total time:[42m0.00014[0m,optimize:0.00014,refine:1.9e-06,avg_time=0.00021
[ego_planner_node-5] refine_success=1
[ego_planner_node-5] [FSM]: from REPLAN_TRAJ to EXEC_TRAJ
[local_sense_cloud-6] [INFO] [1784809911.314752218] [drone_0_local_sense_cloud]: global cloud cached: 31782 points
[ego_planner_node-5] [FSM]: state: EXEC_TRAJ
[ego_planner_node-5] [FSM]: state: EXEC_TRAJ
[map_adapter-2] [INFO] [1784809913.253198221] [map_adapter]: adapted cloud #780 width=33370 occ=136x88 topdown_cells=650
[ego_planner_node-5] [FSM]: state: EXEC_TRAJ
[ego_planner_node-5] [FSM]: from EXEC_TRAJ to REPLAN_TRAJ
[ego_planner_node-5] [47;30m
[ego_planner_node-5] [drone 0 replan 32]==============================================[0m
[ego_planner_node-5] [1;33mmulti-trajs=1[1;0m
[ego_planner_node-5] [32miter(+1)=9,time(ms)=0.026,total_t(ms)=0.027,cost=0.019
[ego_planner_node-5] [0mtraj 1 success.
[ego_planner_node-5] plan_success=1
[ego_planner_node-5] total time:[42m9.4e-05[0m,optimize:9.3e-05,refine:1.6e-06,avg_time=0.0002
[ego_planner_node-5] refine_success=1
[ego_planner_node-5] [FSM]: from REPLAN_TRAJ to EXEC_TRAJ
[ego_planner_node-5] [FSM]: state: EXEC_TRAJ
[local_sense_cloud-6] [INFO] [1784809915.321270116] [drone_0_local_sense_cloud]: local cloud #900: 3235 pts @ (3.6,5.6,1.1)
[ego_planner_node-5] [FSM]: state: EXEC_TRAJ
[map_adapter-2] [INFO] [1784809915.531707043] [map_adapter]: adapted cloud #800 width=33370 occ=136x88 topdown_cells=650
[local_sense_cloud-6] [INFO] [1784809916.323222472] [drone_0_local_sense_cloud]: global cloud cached: 31782 points
[ego_planner_node-5] [FSM]: state: EXEC_TRAJ
[ego_planner_node-5] [FSM]: from EXEC_TRAJ to REPLAN_TRAJ
[ego_planner_node-5] [47;30m
[ego_planner_node-5] [drone 0 replan 33]==============================================[0m
[ego_planner_node-5] [1;33mmulti-trajs=1[1;0m
[ego_planner_node-5] [32miter(+1)=15,time(ms)=0.034,total_t(ms)=0.034,cost=0.020
[ego_planner_node-5] [0mtraj 1 success.
[ego_planner_node-5] plan_success=1
[ego_planner_node-5] total time:[42m9.8e-05[0m,optimize:9.7e-05,refine:1.3e-06,avg_time=0.0002
[ego_planner_node-5] refine_success=1
[ego_planner_node-5] [FSM]: from REPLAN_TRAJ to EXEC_TRAJ
[ego_planner_node-5] [FSM]: state: EXEC_TRAJ
[map_adapter-2] [INFO] [1784809917.796857923] [map_adapter]: adapted cloud #820 width=33370 occ=136x88 topdown_cells=650
[ego_planner_node-5] [FSM]: state: EXEC_TRAJ
[ego_planner_node-5] [FSM]: state: EXEC_TRAJ
[map_adapter-2] [INFO] [1784809920.121940545] [map_adapter]: adapted cloud #840 width=33370 occ=136x88 topdown_cells=650
[ego_planner_node-5] [FSM]: from EXEC_TRAJ to REPLAN_TRAJ
[ego_planner_node-5] [47;30m
[ego_planner_node-5] [drone 0 replan 34]==============================================[0m
[ego_planner_node-5] [1;33mmulti-trajs=1[1;0m
[ego_planner_node-5] [32miter(+1)=9,time(ms)=0.028,total_t(ms)=0.028,cost=0.009
[ego_planner_node-5] [0mtraj 1 success.
[ego_planner_node-5] plan_success=1
[ego_planner_node-5] total time:[42m0.00011[0m,optimize:0.00011,refine:1.5e-06,avg_time=0.0002
[ego_planner_node-5] refine_success=1
[ego_planner_node-5] [FSM]: from REPLAN_TRAJ to EXEC_TRAJ
[local_sense_cloud-6] [INFO] [1784809920.318033030] [drone_0_local_sense_cloud]: local cloud #950: 3480 pts @ (5.1,5.9,1.1)
[ego_planner_node-5] [FSM]: state: EXEC_TRAJ
[local_sense_cloud-6] [INFO] [1784809921.414331295] [drone_0_local_sense_cloud]: global cloud cached: 31782 points
[ego_planner_node-5] [FSM]: state: EXEC_TRAJ
[map_adapter-2] [INFO] [1784809922.452951026] [map_adapter]: adapted cloud #860 width=33370 occ=136x88 topdown_cells=650
[ego_planner_node-5] [FSM]: state: EXEC_TRAJ
[ego_planner_node-5] [FSM]: from EXEC_TRAJ to REPLAN_TRAJ
[ego_planner_node-5] [47;30m
[ego_planner_node-5] [drone 0 replan 35]==============================================[0m
[ego_planner_node-5] [1;33mmulti-trajs=1[1;0m
[ego_planner_node-5] [32miter(+1)=7,time(ms)=0.025,total_t(ms)=0.025,cost=0.027
[ego_planner_node-5] [0mtraj 1 success.
[ego_planner_node-5] plan_success=1
[ego_planner_node-5] total time:[42m8.8e-05[0m,optimize:8.6e-05,refine:1.6e-06,avg_time=0.00019
[ego_planner_node-5] refine_success=1
[ego_planner_node-5] [FSM]: from REPLAN_TRAJ to EXEC_TRAJ
[ego_planner_node-5] [FSM]: state: EXEC_TRAJ
[ego_planner_node-5] [FSM]: state: EXEC_TRAJ
[map_adapter-2] [INFO] [1784809924.798995851] [map_adapter]: adapted cloud #880 width=33370 occ=136x88 topdown_cells=650
[local_sense_cloud-6] [INFO] [1784809925.319071436] [drone_0_local_sense_cloud]: local cloud #1000: 4578 pts @ (6.3,6.0,1.1)
[ego_planner_node-5] [FSM]: state: EXEC_TRAJ
[local_sense_cloud-6] [INFO] [1784809926.530001588] [drone_0_local_sense_cloud]: global cloud cached: 31782 points
[ego_planner_node-5] [FSM]: state: EXEC_TRAJ
[map_adapter-2] [INFO] [1784809927.272073519] [map_adapter]: adapted cloud #900 width=33370 occ=136x88 topdown_cells=650
[ego_planner_node-5] [FSM]: state: EXEC_TRAJ
[ego_planner_node-5] [FSM]: state: EXEC_TRAJ
[map_adapter-2] [INFO] [1784809929.660389305] [map_adapter]: adapted cloud #920 width=33370 occ=136x88 topdown_cells=650
[ego_planner_node-5] [FSM]: state: EXEC_TRAJ
[local_sense_cloud-6] [INFO] [1784809930.319693634] [drone_0_local_sense_cloud]: local cloud #1050: 4995 pts @ (7.2,6.0,1.1)
[ego_planner_node-5] [FSM]: state: EXEC_TRAJ
[local_sense_cloud-6] [INFO] [1784809931.623658567] [drone_0_local_sense_cloud]: global cloud cached: 31782 points
[ego_planner_node-5] [FSM]: state: EXEC_TRAJ
[map_adapter-2] [INFO] [1784809931.984986390] [map_adapter]: adapted cloud #940 width=33370 occ=136x88 topdown_cells=650
[ego_planner_node-5] [FSM]: state: EXEC_TRAJ
[ego_planner_node-5] [FSM]: state: EXEC_TRAJ
[ego_planner_node-5] [FSM]: from EXEC_TRAJ to WAIT_TARGET
[map_adapter-2] [INFO] [1784809934.277401204] [map_adapter]: adapted cloud #960 width=33370 occ=136x88 topdown_cells=650
[ego_planner_node-5] Triggered!
[waypoint_publisher-10] [INFO] [1784809934.291958162] [waypoint_publisher]: Waypoint cycle 1/1 3/8: (8.00, -6.00, 1.00)
[ego_planner_node-5] [FSM]: from WAIT_TARGET to SEQUENTIAL_START
[ego_planner_node-5] [47;30m
[ego_planner_node-5] [drone 0 replan 36]==============================================[0m
[ego_planner_node-5] [1;33mmulti-trajs=2[1;0m
[ego_planner_node-5] [32miter(+1)=21,time(ms)=0.063,total_t(ms)=0.063,cost=0.100
[ego_planner_node-5] [0mtraj 1 success.
[ego_planner_node-5] [32miter(+1)=19,time(ms)=0.043, collided, keep optimizing
[ego_planner_node-5] [0m[32miter(+1)=1,time(ms)=0.003, collided, keep optimizing
[ego_planner_node-5] [0m[32miter(+1)=11,time(ms)=0.019, collided, keep optimizing
[ego_planner_node-5] [0mtraj 2 failed.
[ego_planner_node-5] plan_success=1
[ego_planner_node-5] Need to reallocate time.
[ego_planner_node-5] total time:[42m0.00046[0m,optimize:0.00035,refine:0.00011,avg_time=0.0002
[ego_planner_node-5] refine_success=1
[ego_planner_node-5] [FSM]: from SEQUENTIAL_START to EXEC_TRAJ
[ego_planner_node-5] [FSM]: state: EXEC_TRAJ
[ego_planner_node-5] Triggered!
[ego_planner_node-5] [TRIG]: from EXEC_TRAJ to REPLAN_TRAJ
[ego_planner_node-5] [47;30m
[ego_planner_node-5] [drone 0 replan 37]==============================================[0m
[ego_planner_node-5] [1;33mmulti-trajs=2[1;0m
[ego_planner_node-5] [32miter(+1)=20,time(ms)=0.062,total_t(ms)=0.063,cost=0.106
[ego_planner_node-5] [0mtraj 1 success.
[ego_planner_node-5] [32miter(+1)=21,time(ms)=0.052,total_t(ms)=0.052,cost=0.086
[ego_planner_node-5] [0mtraj 2 success.
[ego_planner_node-5] plan_success=1
[ego_planner_node-5] Need to reallocate time.
[ego_planner_node-5] total time:[42m0.00037[0m,optimize:0.00028,refine:8.4e-05,avg_time=0.00021
[ego_planner_node-5] refine_success=1
[ego_planner_node-5] [FSM]: from REPLAN_TRAJ to EXEC_TRAJ
[local_sense_cloud-6] [INFO] [1784809935.320856872] [drone_0_local_sense_cloud]: local cloud #1100: 4891 pts @ (8.0,6.0,1.1)
[ego_planner_node-5] Triggered!
[ego_planner_node-5] [TRIG]: from EXEC_TRAJ to REPLAN_TRAJ
[ego_planner_node-5] [47;30m
[ego_planner_node-5] [drone 0 replan 38]==============================================[0m
[ego_planner_node-5] [1;33mmulti-trajs=2[1;0m
[ego_planner_node-5] [32miter(+1)=23,time(ms)=0.072,total_t(ms)=0.072,cost=0.112
[ego_planner_node-5] [0mtraj 1 success.
[ego_planner_node-5] [32miter(+1)=17,time(ms)=0.040,total_t(ms)=0.040,cost=0.075
[ego_planner_node-5] [0mtraj 2 success.
[ego_planner_node-5] plan_success=1
[ego_planner_node-5] Need to reallocate time.
[ego_planner_node-5] total time:[42m0.00038[0m,optimize:0.00029,refine:8.8e-05,avg_time=0.00021
[ego_planner_node-5] refine_success=1
[ego_planner_node-5] [FSM]: from REPLAN_TRAJ to EXEC_TRAJ
[ego_planner_node-5] [FSM]: state: EXEC_TRAJ
[ego_planner_node-5] Triggered!
[ego_planner_node-5] [TRIG]: from EXEC_TRAJ to REPLAN_TRAJ
[ego_planner_node-5] [47;30m
[ego_planner_node-5] [drone 0 replan 39]==============================================[0m
[ego_planner_node-5] [1;33mmulti-trajs=1[1;0m
[ego_planner_node-5] [32miter(+1)=1,time(ms)=0.023,total_t(ms)=0.023,cost=0.042
[ego_planner_node-5] [0mtraj 1 success.
[ego_planner_node-5] plan_success=1
[ego_planner_node-5] Need to reallocate time.
[ego_planner_node-5] total time:[42m0.00024[0m,optimize:0.00012,refine:0.00012,avg_time=0.00021
[ego_planner_node-5] refine_success=1
[ego_planner_node-5] [FSM]: from REPLAN_TRAJ to EXEC_TRAJ
[ego_planner_node-5] [47;30m
[ego_planner_node-5] [drone 0 replan 40]==============================================[0m
[ego_planner_node-5] [1;33mmulti-trajs=1[1;0m
[ego_planner_node-5] [32miter(+1)=13,time(ms)=0.079,total_t(ms)=0.080,cost=0.042
[ego_planner_node-5] [0mtraj 1 success.
[ego_planner_node-5] plan_success=1
[ego_planner_node-5] total time:[42m0.00027[0m,optimize:0.00026,refine:4e-06,avg_time=0.00021
[ego_planner_node-5] refine_success=1
[ego_planner_node-5] [SAFETY]: from EXEC_TRAJ to EXEC_TRAJ
[map_adapter-2] [INFO] [1784809936.620803649] [map_adapter]: adapted cloud #980 width=33370 occ=136x88 topdown_cells=650
[ego_planner_node-5] Triggered!
[ego_planner_node-5] [TRIG]: from EXEC_TRAJ to REPLAN_TRAJ
[ego_planner_node-5] [47;30m
[ego_planner_node-5] [drone 0 replan 41]==============================================[0m
[ego_planner_node-5] [1;33mmulti-trajs=1[1;0m
[ego_planner_node-5] [32miter(+1)=1,time(ms)=0.013,total_t(ms)=0.014,cost=0.011
[ego_planner_node-5] [0mtraj 1 success.
[ego_planner_node-5] plan_success=1
[ego_planner_node-5] Need to reallocate time.
[ego_planner_node-5] total time:[42m0.00018[0m,optimize:0.00011,refine:7.6e-05,avg_time=0.00021
[ego_planner_node-5] refine_success=1
[ego_planner_node-5] [FSM]: from REPLAN_TRAJ to EXEC_TRAJ
[local_sense_cloud-6] [INFO] [1784809936.714303079] [drone_0_local_sense_cloud]: global cloud cached: 31782 points
[ego_planner_node-5] [FSM]: state: EXEC_TRAJ
[ego_planner_node-5] Triggered!
[ego_planner_node-5] [TRIG]: from EXEC_TRAJ to REPLAN_TRAJ
[ego_planner_node-5] [47;30m
[ego_planner_node-5] [drone 0 replan 42]==============================================[0m
[ego_planner_node-5] [1;33mmulti-trajs=1[1;0m
[ego_planner_node-5] [32miter(+1)=1,time(ms)=0.015,total_t(ms)=0.015,cost=0.014
[ego_planner_node-5] [0mtraj 1 success.
[ego_planner_node-5] plan_success=1
[ego_planner_node-5] Need to reallocate time.
[ego_planner_node-5] total time:[42m0.0002[0m,optimize:0.00012,refine:8e-05,avg_time=0.00021
[ego_planner_node-5] refine_success=1
[ego_planner_node-5] [FSM]: from REPLAN_TRAJ to EXEC_TRAJ
[ego_planner_node-5] [FSM]: state: EXEC_TRAJ
[map_adapter-2] [INFO] [1784809938.814299451] [map_adapter]: adapted cloud #1000 width=33370 occ=136x88 topdown_cells=650
[ego_planner_node-5] [FSM]: state: EXEC_TRAJ
[ego_planner_node-5] [FSM]: state: EXEC_TRAJ
[ego_planner_node-5] [FSM]: from EXEC_TRAJ to REPLAN_TRAJ
[ego_planner_node-5] [47;30m
[ego_planner_node-5] [drone 0 replan 43]==============================================[0m
[ego_planner_node-5] [1;33mmulti-trajs=1[1;0m
[ego_planner_node-5] [32miter(+1)=5,time(ms)=0.020,total_t(ms)=0.021,cost=0.014
[ego_planner_node-5] [0mtraj 1 success.
[ego_planner_node-5] plan_success=1
[ego_planner_node-5] total time:[42m9.9e-05[0m,optimize:9.8e-05,refine:1.4e-06,avg_time=0.00021
[ego_planner_node-5] refine_success=1
[ego_planner_node-5] [FSM]: from REPLAN_TRAJ to EXEC_TRAJ
[local_sense_cloud-6] [INFO] [1784809940.327072982] [drone_0_local_sense_cloud]: local cloud #1150: 4511 pts @ (7.8,5.1,1.1)
[ego_planner_node-5] [FSM]: state: EXEC_TRAJ
[map_adapter-2] [INFO] [1784809941.076638275] [map_adapter]: adapted cloud #1020 width=33370 occ=136x88 topdown_cells=650
[local_sense_cloud-6] [INFO] [1784809941.813512029] [drone_0_local_sense_cloud]: global cloud cached: 31782 points
[ego_planner_node-5] [FSM]: state: EXEC_TRAJ
[ego_planner_node-5] [FSM]: state: EXEC_TRAJ
[map_adapter-2] [INFO] [1784809943.266905165] [map_adapter]: adapted cloud #1040 width=33370 occ=136x88 topdown_cells=650
[ego_planner_node-5] [FSM]: from EXEC_TRAJ to REPLAN_TRAJ
[ego_planner_node-5] [47;30m
[ego_planner_node-5] [drone 0 replan 44]==============================================[0m
[ego_planner_node-5] [1;33mmulti-trajs=1[1;0m
[ego_planner_node-5] [32miter(+1)=5,time(ms)=0.021,total_t(ms)=0.021,cost=0.004
[ego_planner_node-5] [0mtraj 1 success.
[ego_planner_node-5] plan_success=1
[ego_planner_node-5] total time:[42m0.00011[0m,optimize:0.00011,refine:1.9e-06,avg_time=0.00021
[ego_planner_node-5] refine_success=1
[ego_planner_node-5] [FSM]: from REPLAN_TRAJ to EXEC_TRAJ
[ego_planner_node-5] [FSM]: state: EXEC_TRAJ
[ego_planner_node-5] [FSM]: state: EXEC_TRAJ
[local_sense_cloud-6] [INFO] [1784809945.318983904] [drone_0_local_sense_cloud]: local cloud #1200: 2707 pts @ (7.7,3.6,1.1)
[map_adapter-2] [INFO] [1784809945.499061140] [map_adapter]: adapted cloud #1060 width=33370 occ=136x88 topdown_cells=650
[ego_planner_node-5] [FSM]: state: EXEC_TRAJ
[ego_planner_node-5] [FSM]: from EXEC_TRAJ to REPLAN_TRAJ
[ego_planner_node-5] [47;30m
[ego_planner_node-5] [drone 0 replan 45]==============================================[0m
[ego_planner_node-5] [1;33mmulti-trajs=1[1;0m
[ego_planner_node-5] [32miter(+1)=4,time(ms)=0.014,total_t(ms)=0.015,cost=0.005
[ego_planner_node-5] [0mtraj 1 success.
[ego_planner_node-5] plan_success=1
[ego_planner_node-5] total time:[42m8.7e-05[0m,optimize:8.6e-05,refine:1.1e-06,avg_time=0.0002
[ego_planner_node-5] refine_success=1
[ego_planner_node-5] [FSM]: from REPLAN_TRAJ to EXEC_TRAJ
[local_sense_cloud-6] [INFO] [1784809946.827773984] [drone_0_local_sense_cloud]: global cloud cached: 31782 points
[ego_planner_node-5] [FSM]: state: EXEC_TRAJ
[map_adapter-2] [INFO] [1784809947.676552757] [map_adapter]: adapted cloud #1080 width=33370 occ=136x88 topdown_cells=650
[ego_planner_node-5] [FSM]: state: EXEC_TRAJ
[ego_planner_node-5] [FSM]: state: EXEC_TRAJ
[ego_planner_node-5] [FSM]: from EXEC_TRAJ to REPLAN_TRAJ
[ego_planner_node-5] [47;30m
[ego_planner_node-5] [drone 0 replan 46]==============================================[0m
[ego_planner_node-5] [1;33mmulti-trajs=1[1;0m
[ego_planner_node-5] [32miter(+1)=4,time(ms)=0.027,total_t(ms)=0.028,cost=0.003
[ego_planner_node-5] [0mtraj 1 success.
[ego_planner_node-5] plan_success=1
[ego_planner_node-5] total time:[42m0.00016[0m,optimize:0.00015,refine:3e-06,avg_time=0.0002
[ego_planner_node-5] refine_success=1
[ego_planner_node-5] [FSM]: from REPLAN_TRAJ to EXEC_TRAJ
[map_adapter-2] [INFO] [1784809949.889830237] [map_adapter]: adapted cloud #1100 width=33370 occ=136x88 topdown_cells=650
[ego_planner_node-5] [FSM]: state: EXEC_TRAJ
[local_sense_cloud-6] [INFO] [1784809950.317254290] [drone_0_local_sense_cloud]: local cloud #1250: 1552 pts @ (7.8,2.1,1.1)
[ego_planner_node-5] [FSM]: state: EXEC_TRAJ
[local_sense_cloud-6] [INFO] [1784809951.913030541] [drone_0_local_sense_cloud]: global cloud cached: 31782 points
[ego_planner_node-5] [FSM]: state: EXEC_TRAJ
[map_adapter-2] [INFO] [1784809952.119250217] [map_adapter]: adapted cloud #1120 width=33370 occ=136x88 topdown_cells=650
[ego_planner_node-5] [FSM]: from EXEC_TRAJ to REPLAN_TRAJ
[ego_planner_node-5] [47;30m
[ego_planner_node-5] [drone 0 replan 47]==============================================[0m
[ego_planner_node-5] [1;33mmulti-trajs=1[1;0m
[ego_planner_node-5] [32miter(+1)=9,time(ms)=0.040,total_t(ms)=0.041,cost=0.013
[ego_planner_node-5] [0mtraj 1 success.
[ego_planner_node-5] plan_success=1
[ego_planner_node-5] total time:[42m0.00021[0m,optimize:0.00021,refine:1.8e-06,avg_time=0.0002
[ego_planner_node-5] refine_success=1
[ego_planner_node-5] [FSM]: from REPLAN_TRAJ to EXEC_TRAJ
[ego_planner_node-5] [FSM]: state: EXEC_TRAJ
[ego_planner_node-5] [FSM]: state: EXEC_TRAJ
[map_adapter-2] [INFO] [1784809954.414374175] [map_adapter]: adapted cloud #1140 width=33370 occ=136x88 topdown_cells=650
[ego_planner_node-5] [FSM]: state: EXEC_TRAJ
[local_sense_cloud-6] [INFO] [1784809955.320561697] [drone_0_local_sense_cloud]: local cloud #1300: 2124 pts @ (8.0,0.6,1.1)
[ego_planner_node-5] [FSM]: from EXEC_TRAJ to REPLAN_TRAJ
[ego_planner_node-5] [47;30m
[ego_planner_node-5] [drone 0 replan 48]==============================================[0m
[ego_planner_node-5] [1;33mmulti-trajs=1[1;0m
[ego_planner_node-5] [32miter(+1)=9,time(ms)=0.029,total_t(ms)=0.029,cost=0.026
[ego_planner_node-5] [0mtraj 1 success.
[ego_planner_node-5] plan_success=1
[ego_planner_node-5] total time:[42m0.00011[0m,optimize:0.00011,refine:1.6e-06,avg_time=0.0002
[ego_planner_node-5] refine_success=1
[ego_planner_node-5] [FSM]: from REPLAN_TRAJ to EXEC_TRAJ
[ego_planner_node-5] [FSM]: state: EXEC_TRAJ
[map_adapter-2] [INFO] [1784809956.598458936] [map_adapter]: adapted cloud #1160 width=33370 occ=136x88 topdown_cells=650
[local_sense_cloud-6] [INFO] [1784809956.915132392] [drone_0_local_sense_cloud]: global cloud cached: 31782 points
[ego_planner_node-5] [FSM]: state: EXEC_TRAJ
[ego_planner_node-5] [FSM]: state: EXEC_TRAJ
[ego_planner_node-5] [FSM]: from EXEC_TRAJ to REPLAN_TRAJ
[ego_planner_node-5] [47;30m
[ego_planner_node-5] [drone 0 replan 49]==============================================[0m
[ego_planner_node-5] [1;33mmulti-trajs=1[1;0m
[ego_planner_node-5] [32miter(+1)=7,time(ms)=0.018,total_t(ms)=0.018,cost=0.019
[ego_planner_node-5] [0mtraj 1 success.
[ego_planner_node-5] plan_success=1
[ego_planner_node-5] total time:[42m9e-05[0m,optimize:8.9e-05,refine:1.2e-06,avg_time=0.0002
[ego_planner_node-5] refine_success=1
[ego_planner_node-5] [FSM]: from REPLAN_TRAJ to EXEC_TRAJ
[map_adapter-2] [INFO] [1784809958.818032354] [map_adapter]: adapted cloud #1180 width=33370 occ=136x88 topdown_cells=650
[ego_planner_node-5] [FSM]: state: EXEC_TRAJ
[ego_planner_node-5] [FSM]: state: EXEC_TRAJ
[local_sense_cloud-6] [INFO] [1784809960.319619025] [drone_0_local_sense_cloud]: local cloud #1350: 2871 pts @ (8.0,-0.9,1.1)
[map_adapter-2] [INFO] [1784809961.035558261] [map_adapter]: adapted cloud #1200 width=33370 occ=136x88 topdown_cells=650
[ego_planner_node-5] [FSM]: state: EXEC_TRAJ
[ego_planner_node-5] [FSM]: from EXEC_TRAJ to REPLAN_TRAJ
[ego_planner_node-5] [47;30m
[ego_planner_node-5] [drone 0 replan 50]==============================================[0m
[ego_planner_node-5] [1;33mmulti-trajs=1[1;0m
[ego_planner_node-5] [32miter(+1)=9,time(ms)=0.027,total_t(ms)=0.028,cost=0.015
[ego_planner_node-5] [0mtraj 1 success.
[ego_planner_node-5] plan_success=1
[ego_planner_node-5] total time:[42m9.7e-05[0m,optimize:9.6e-05,refine:1.4e-06,avg_time=0.0002
[ego_planner_node-5] refine_success=1
[ego_planner_node-5] [FSM]: from REPLAN_TRAJ to EXEC_TRAJ
[local_sense_cloud-6] [INFO] [1784809962.013907877] [drone_0_local_sense_cloud]: global cloud cached: 31782 points
[ego_planner_node-5] [FSM]: state: EXEC_TRAJ
[map_adapter-2] [INFO] [1784809963.213486116] [map_adapter]: adapted cloud #1220 width=33370 occ=136x88 topdown_cells=650
[ego_planner_node-5] [FSM]: state: EXEC_TRAJ
[ego_planner_node-5] [FSM]: state: EXEC_TRAJ
[ego_planner_node-5] [FSM]: from EXEC_TRAJ to REPLAN_TRAJ
[ego_planner_node-5] [47;30m
[ego_planner_node-5] [drone 0 replan 51]==============================================[0m
[ego_planner_node-5] [1;33mmulti-trajs=1[1;0m
[ego_planner_node-5] iter=5,time(ms)=0.084,rebound.
[ego_planner_node-5] [32miter(+1)=16,time(ms)=0.025, collided, keep optimizing
[ego_planner_node-5] [0m[32miter(+1)=13,time(ms)=0.017,total_t(ms)=0.153,cost=0.115
[ego_planner_node-5] [0mtraj 1 success.
[ego_planner_node-5] plan_success=1
[ego_planner_node-5] total time:[42m0.00021[0m,optimize:0.00021,refine:1.8e-06,avg_time=0.0002
[ego_planner_node-5] refine_success=1
[ego_planner_node-5] [FSM]: from REPLAN_TRAJ to EXEC_TRAJ
[ego_planner_node-5] [FSM]: state: EXEC_TRAJ
[local_sense_cloud-6] [INFO] [1784809965.344124206] [drone_0_local_sense_cloud]: local cloud #1400: 3447 pts @ (8.0,-2.4,1.1)
[map_adapter-2] [INFO] [1784809965.466405081] [map_adapter]: adapted cloud #1240 width=33370 occ=136x88 topdown_cells=650
[ego_planner_node-5] [FSM]: state: EXEC_TRAJ
[local_sense_cloud-6] [INFO] [1784809967.015595557] [drone_0_local_sense_cloud]: global cloud cached: 31782 points
[ego_planner_node-5] [FSM]: state: EXEC_TRAJ
[ego_planner_node-5] [FSM]: from EXEC_TRAJ to REPLAN_TRAJ
[ego_planner_node-5] [47;30m
[ego_planner_node-5] [drone 0 replan 52]==============================================[0m
[ego_planner_node-5] [1;33mmulti-trajs=1[1;0m
[ego_planner_node-5] [32miter(+1)=10,time(ms)=0.017,total_t(ms)=0.018,cost=0.036
[ego_planner_node-5] [0mtraj 1 success.
[ego_planner_node-5] plan_success=1
[ego_planner_node-5] total time:[42m9.9e-05[0m,optimize:9.8e-05,refine:1.1e-06,avg_time=0.0002
[ego_planner_node-5] refine_success=1
[ego_planner_node-5] [FSM]: from REPLAN_TRAJ to EXEC_TRAJ
[map_adapter-2] [INFO] [1784809967.636771319] [map_adapter]: adapted cloud #1260 width=33370 occ=136x88 topdown_cells=650
[ego_planner_node-5] [FSM]: state: EXEC_TRAJ
[ego_planner_node-5] [FSM]: state: EXEC_TRAJ
[map_adapter-2] [INFO] [1784809969.858273085] [map_adapter]: adapted cloud #1280 width=33370 occ=136x88 topdown_cells=650
[local_sense_cloud-6] [INFO] [1784809970.320038479] [drone_0_local_sense_cloud]: local cloud #1450: 3287 pts @ (7.6,-1.9,0.3)
[ego_planner_node-5] [FSM]: state: EXEC_TRAJ
[ego_planner_node-5] [FSM]: from EXEC_TRAJ to REPLAN_TRAJ
[ego_planner_node-5] [47;30m
[ego_planner_node-5] [drone 0 replan 53]==============================================[0m
[ego_planner_node-5] [1;33mmulti-trajs=1[1;0m
[ego_planner_node-5] [32miter(+1)=10,time(ms)=0.018,total_t(ms)=0.018,cost=0.014
[ego_planner_node-5] [0mtraj 1 success.
[ego_planner_node-5] plan_success=1
[ego_planner_node-5] total time:[42m6.4e-05[0m,optimize:6.3e-05,refine:1.1e-06,avg_time=0.00019
[ego_planner_node-5] refine_success=1
[ego_planner_node-5] [FSM]: from REPLAN_TRAJ to EXEC_TRAJ
[ego_planner_node-5] [FSM]: state: EXEC_TRAJ
[local_sense_cloud-6] [INFO] [1784809972.026630549] [drone_0_local_sense_cloud]: global cloud cached: 31782 points
[map_adapter-2] [INFO] [1784809972.051776060] [map_adapter]: adapted cloud #1300 width=33370 occ=136x88 topdown_cells=650
[ego_planner_node-5] [FSM]: state: EXEC_TRAJ
[ego_planner_node-5] [FSM]: state: EXEC_TRAJ
[map_adapter-2] [INFO] [1784809974.267938937] [map_adapter]: adapted cloud #1320 width=33370 occ=136x88 topdown_cells=650
[ego_planner_node-5] [FSM]: state: EXEC_TRAJ
[local_sense_cloud-6] [INFO] [1784809975.329715796] [drone_0_local_sense_cloud]: local cloud #1500: 4125 pts @ (6.7,-4.6,0.9)
[ego_planner_node-5] [FSM]: state: EXEC_TRAJ
[map_adapter-2] [INFO] [1784809976.410678030] [map_adapter]: adapted cloud #1340 width=33370 occ=136x88 topdown_cells=650
[ego_planner_node-5] [FSM]: state: EXEC_TRAJ
[local_sense_cloud-6] [INFO] [1784809977.036711539] [drone_0_local_sense_cloud]: global cloud cached: 31782 points
[ego_planner_node-5] [FSM]: state: EXEC_TRAJ
[ego_planner_node-5] [FSM]: state: EXEC_TRAJ
[map_adapter-2] [INFO] [1784809978.680692017] [map_adapter]: adapted cloud #1360 width=33370 occ=136x88 topdown_cells=650
[ego_planner_node-5] [FSM]: state: EXEC_TRAJ
[local_sense_cloud-6] [INFO] [1784809980.337337025] [drone_0_local_sense_cloud]: local cloud #1550: 4991 pts @ (7.7,-5.8,1.1)
[ego_planner_node-5] [FSM]: state: EXEC_TRAJ
[map_adapter-2] [INFO] [1784809980.845796020] [map_adapter]: adapted cloud #1380 width=33370 occ=136x88 topdown_cells=650
[ego_planner_node-5] [FSM]: from EXEC_TRAJ to WAIT_TARGET
[ego_planner_node-5] [FSM]: state: WAIT_TARGET
[ego_planner_node-5] wait for goal or trigger.
[ego_planner_node-5] Triggered!
[waypoint_publisher-10] [INFO] [1784809982.092181857] [waypoint_publisher]: Waypoint cycle 1/1 4/8: (-8.00, -6.00, 1.00)
[ego_planner_node-5] [FSM]: from WAIT_TARGET to SEQUENTIAL_START
[ego_planner_node-5] [47;30m
[ego_planner_node-5] [drone 0 replan 54]==============================================[0m
[ego_planner_node-5] [1;33mmulti-trajs=2[1;0m
[ego_planner_node-5] [32miter(+1)=33,time(ms)=0.152, collided, keep optimizing
[ego_planner_node-5] [0m[32miter(+1)=18,time(ms)=0.063,total_t(ms)=0.249,cost=0.341
[ego_planner_node-5] [0mtraj 1 success.
[ego_planner_node-5] iter=6,time(ms)=0.025,rebound.
[ego_planner_node-5] iter=16,time(ms)=0.096,rebound.
[ego_planner_node-5] [32miter(+1)=12,time(ms)=0.034,total_t(ms)=0.164,cost=0.574
[ego_planner_node-5] [0mtraj 2 success.
[ego_planner_node-5] plan_success=1
[ego_planner_node-5] Need to reallocate time.
[ego_planner_node-5] total time:[42m0.0011[0m,optimize:0.00088,refine:0.00019,avg_time=0.00021
[ego_planner_node-5] refine_success=1
[ego_planner_node-5] [FSM]: from SEQUENTIAL_START to EXEC_TRAJ
[local_sense_cloud-6] [INFO] [1784809982.141185633] [drone_0_local_sense_cloud]: global cloud cached: 31782 points
[ego_planner_node-5] [FSM]: state: EXEC_TRAJ
[ego_planner_node-5] Triggered!
[ego_planner_node-5] [TRIG]: from EXEC_TRAJ to REPLAN_TRAJ
[ego_planner_node-5] [WARN] [1784809982.692281995] [distinctiveTrajs]: base_point and control point are too close!
[ego_planner_node-5] [47;30m
[ego_planner_node-5] [drone 0 replan 55]==============================================[0m
[ego_planner_node-5] base_point= 6.7 -6.2  1.1 control point= 6.7 -6.1  1.1
[ego_planner_node-5] [1;33mmulti-trajs=1[1;0m
[ego_planner_node-5] iter=9,time(ms)=0.047,rebound.
[ego_planner_node-5] iter=10,time(ms)=0.045,rebound.
[ego_planner_node-5] [32miter(+1)=12,time(ms)=0.037,total_t(ms)=0.134,cost=0.515
[ego_planner_node-5] [0mtraj 1 success.
[ego_planner_node-5] plan_success=1
[ego_planner_node-5] Need to reallocate time.
[ego_planner_node-5] total time:[42m0.00075[0m,optimize:0.0006,refine:0.00015,avg_time=0.00022
[ego_planner_node-5] refine_success=1
[ego_planner_node-5] [FSM]: from REPLAN_TRAJ to EXEC_TRAJ
[ego_planner_node-5] [47;30m
[ego_planner_node-5] [drone 0 replan 56]==============================================[0m
[ego_planner_node-5] [1;33mmulti-trajs=1[1;0m
[ego_planner_node-5] [32miter(+1)=17,time(ms)=0.051,total_t(ms)=0.051,cost=0.060
[ego_planner_node-5] [0mtraj 1 success.
[ego_planner_node-5] plan_success=1
[ego_planner_node-5] total time:[42m0.00014[0m,optimize:0.00014,refine:1.6e-06,avg_time=0.00022
[ego_planner_node-5] refine_success=1
[ego_planner_node-5] [SAFETY]: from EXEC_TRAJ to EXEC_TRAJ
[map_adapter-2] [INFO] [1784809983.018874227] [map_adapter]: adapted cloud #1400 width=33370 occ=136x88 topdown_cells=650
[ego_planner_node-5] Triggered!
[ego_planner_node-5] [TRIG]: from EXEC_TRAJ to REPLAN_TRAJ
[ego_planner_node-5] [47;30m
[ego_planner_node-5] [drone 0 replan 57]==============================================[0m
[ego_planner_node-5] [1;33mmulti-trajs=2[1;0m
[ego_planner_node-5] iter=13,time(ms)=0.05,rebound.
[ego_planner_node-5] [32miter(+1)=21,time(ms)=0.052,total_t(ms)=0.113,cost=0.239
[ego_planner_node-5] [0mtraj 1 success.
[ego_planner_node-5] iter=11,time(ms)=0.031,rebound.
[ego_planner_node-5] iter=6,time(ms)=0.06,rebound.
[ego_planner_node-5] [32miter(+1)=17,time(ms)=0.037,total_t(ms)=0.132,cost=0.498
[ego_planner_node-5] [0mtraj 2 success.
[ego_planner_node-5] plan_success=1
[ego_planner_node-5] Need to reallocate time.
[ego_planner_node-5] total time:[42m0.0005[0m,optimize:0.00039,refine:0.00011,avg_time=0.00022
[ego_planner_node-5] refine_success=1
[ego_planner_node-5] [FSM]: from REPLAN_TRAJ to EXEC_TRAJ
[ego_planner_node-5] [FSM]: state: EXEC_TRAJ
[ego_planner_node-5] Triggered!
[ego_planner_node-5] [TRIG]: from EXEC_TRAJ to REPLAN_TRAJ
[ego_planner_node-5] [47;30m
[ego_planner_node-5] [drone 0 replan 58]==============================================[0m
[ego_planner_node-5] [1;33mmulti-trajs=2[1;0m
[ego_planner_node-5] iter=6,time(ms)=0.4,rebound.
[ego_planner_node-5] iter=20,time(ms)=0.066,rebound.
[ego_planner_node-5] iter=9,time(ms)=0.082,rebound.
[ego_planner_node-5] iter=9,time(ms)=0.054,rebound.
[ego_planner_node-5] [32miter(+1)=14,time(ms)=0.033,total_t(ms)=0.651,cost=2.058
[ego_planner_node-5] [0mtraj 1 success.
[ego_planner_node-5] [32miter(+1)=13,time(ms)=0.028,total_t(ms)=0.028,cost=0.061
[ego_planner_node-5] [0mtraj 2 success.
[ego_planner_node-5] plan_success=1
[ego_planner_node-5] Need to reallocate time.
[ego_planner_node-5] total time:[42m0.00092[0m,optimize:0.00081,refine:0.0001,avg_time=0.00023
[ego_planner_node-5] refine_success=1
[ego_planner_node-5] [FSM]: from REPLAN_TRAJ to EXEC_TRAJ
[ego_planner_node-5] Triggered!
[ego_planner_node-5] [TRIG]: from EXEC_TRAJ to REPLAN_TRAJ
[ego_planner_node-5] [47;30m
[ego_planner_node-5] [drone 0 replan 59]==============================================[0m
[ego_planner_node-5] [1;33mmulti-trajs=2[1;0m
[ego_planner_node-5] iter=6,time(ms)=0.16,rebound.
[ego_planner_node-5] iter=24,time(ms)=0.26,rebound.
[ego_planner_node-5] iter=18,time(ms)=0.079,rebound.
[ego_planner_node-5] [32miter(+1)=39,time(ms)=0.123, collided, keep optimizing
[ego_planner_node-5] [0miter=25,time(ms)=0.079,rebound.
[ego_planner_node-5] [32miter(+1)=19,time(ms)=0.051, collided, keep optimizing
[ego_planner_node-5] [0m[32miter(+1)=50,time(ms)=0.161, collided, keep optimizing
[ego_planner_node-5] [0mtraj 1 failed.
[ego_planner_node-5] iter=15,time(ms)=0.039,rebound.
[ego_planner_node-5] [32miter(+1)=12,time(ms)=0.024, collided, keep optimizing
[ego_planner_node-5] [0miter=6,time(ms)=0.031,rebound.
[ego_planner_node-5] [32miter(+1)=22,time(ms)=0.057,total_t(ms)=0.162,cost=0.504
[ego_planner_node-5] [0mtraj 2 success.
[ego_planner_node-5] plan_success=1
[ego_planner_node-5] Need to reallocate time.
[ego_planner_node-5] total time:[42m0.0015[0m,optimize:0.0013,refine:0.00018,avg_time=0.00025
[ego_planner_node-5] refine_success=1
[ego_planner_node-5] [FSM]: from REPLAN_TRAJ to EXEC_TRAJ
[ego_planner_node-5] [FSM]: state: EXEC_TRAJ
[ego_planner_node-5] Triggered!
[ego_planner_node-5] [TRIG]: from EXEC_TRAJ to REPLAN_TRAJ
[ego_planner_node-5] [47;30m
[ego_planner_node-5] [drone 0 replan 60]==============================================[0m
[ego_planner_node-5] [1;33mmulti-trajs=1[1;0m
[ego_planner_node-5] [32miter(+1)=1,time(ms)=0.014,total_t(ms)=0.015,cost=0.024
[ego_planner_node-5] [0mtraj 1 success.
[ego_planner_node-5] plan_success=1
[ego_planner_node-5] Need to reallocate time.
[ego_planner_node-5] total time:[42m0.00018[0m,optimize:0.00011,refine:7.3e-05,avg_time=0.00025
[ego_planner_node-5] refine_success=1
[ego_planner_node-5] [FSM]: from REPLAN_TRAJ to EXEC_TRAJ
[map_adapter-2] [INFO] [1784809985.226298627] [map_adapter]: adapted cloud #1420 width=33370 occ=136x88 topdown_cells=650
[local_sense_cloud-6] [INFO] [1784809985.337737123] [drone_0_local_sense_cloud]: local cloud #1600: 5162 pts @ (7.8,-6.2,1.1)
[ego_planner_node-5] [FSM]: state: EXEC_TRAJ
[ego_planner_node-5] [FSM]: state: EXEC_TRAJ
[local_sense_cloud-6] [INFO] [1784809987.213726700] [drone_0_local_sense_cloud]: global cloud cached: 31782 points
[map_adapter-2] [INFO] [1784809987.471005592] [map_adapter]: adapted cloud #1440 width=33370 occ=136x88 topdown_cells=650
[ego_planner_node-5] [FSM]: state: EXEC_TRAJ
[ego_planner_node-5] [FSM]: from EXEC_TRAJ to REPLAN_TRAJ
[ego_planner_node-5] [47;30m
[ego_planner_node-5] [drone 0 replan 61]==============================================[0m
[ego_planner_node-5] [1;33mmulti-trajs=1[1;0m
[ego_planner_node-5] [32miter(+1)=6,time(ms)=0.026,total_t(ms)=0.026,cost=0.014
[ego_planner_node-5] [0mtraj 1 success.
[ego_planner_node-5] plan_success=1
[ego_planner_node-5] Need to reallocate time.
[ego_planner_node-5] total time:[42m0.00028[0m,optimize:0.00013,refine:0.00016,avg_time=0.00025
[ego_planner_node-5] refine_success=1
[ego_planner_node-5] [FSM]: from REPLAN_TRAJ to EXEC_TRAJ
[ego_planner_node-5] [FSM]: state: EXEC_TRAJ
[ego_planner_node-5] [FSM]: state: EXEC_TRAJ
[map_adapter-2] [INFO] [1784809989.713508916] [map_adapter]: adapted cloud #1460 width=33370 occ=136x88 topdown_cells=650
[local_sense_cloud-6] [INFO] [1784809990.324063335] [drone_0_local_sense_cloud]: local cloud #1650: 4583 pts @ (6.4,-6.5,1.0)
[ego_planner_node-5] [FSM]: state: EXEC_TRAJ
[ego_planner_node-5] [FSM]: from EXEC_TRAJ to REPLAN_TRAJ
[ego_planner_node-5] [47;30m
[ego_planner_node-5] [drone 0 replan 62]==============================================[0m
[ego_planner_node-5] [1;33mmulti-trajs=1[1;0m
[ego_planner_node-5] [32miter(+1)=8,time(ms)=0.073,total_t(ms)=0.074,cost=0.007
[ego_planner_node-5] [0mtraj 1 success.
[ego_planner_node-5] plan_success=1
[ego_planner_node-5] total time:[42m0.00023[0m,optimize:0.00023,refine:2.7e-06,avg_time=0.00025
[ego_planner_node-5] refine_success=1
[ego_planner_node-5] [FSM]: from REPLAN_TRAJ to EXEC_TRAJ
[ego_planner_node-5] [FSM]: state: EXEC_TRAJ
[map_adapter-2] [INFO] [1784809991.933582888] [map_adapter]: adapted cloud #1480 width=33370 occ=136x88 topdown_cells=650
[local_sense_cloud-6] [INFO] [1784809992.219151529] [drone_0_local_sense_cloud]: global cloud cached: 31782 points
[ego_planner_node-5] [FSM]: state: EXEC_TRAJ
[ego_planner_node-5] [FSM]: state: EXEC_TRAJ
[ego_planner_node-5] [FSM]: from EXEC_TRAJ to REPLAN_TRAJ
[ego_planner_node-5] [47;30m
[ego_planner_node-5] [drone 0 replan 63]==============================================[0m
[ego_planner_node-5] [1;33mmulti-trajs=1[1;0m
[ego_planner_node-5] [32miter(+1)=5,time(ms)=0.056,total_t(ms)=0.056,cost=0.007
[ego_planner_node-5] [0mtraj 1 success.
[ego_planner_node-5] plan_success=1
[ego_planner_node-5] Need to reallocate time.
[ego_planner_node-5] total time:[42m0.00039[0m,optimize:0.00024,refine:0.00015,avg_time=0.00026
[ego_planner_node-5] refine_success=1
[ego_planner_node-5] [FSM]: from REPLAN_TRAJ to EXEC_TRAJ
[map_adapter-2] [INFO] [1784809994.154949924] [map_adapter]: adapted cloud #1500 width=33370 occ=136x88 topdown_cells=650
[ego_planner_node-5] [FSM]: state: EXEC_TRAJ
[local_sense_cloud-6] [INFO] [1784809995.331404667] [drone_0_local_sense_cloud]: local cloud #1700: 4069 pts @ (4.9,-6.4,1.0)
[ego_planner_node-5] [FSM]: state: EXEC_TRAJ
[map_adapter-2] [INFO] [1784809996.362734834] [map_adapter]: adapted cloud #1520 width=33370 occ=136x88 topdown_cells=650
[ego_planner_node-5] [FSM]: state: EXEC_TRAJ
[ego_planner_node-5] [FSM]: from EXEC_TRAJ to REPLAN_TRAJ
[ego_planner_node-5] [47;30m
[ego_planner_node-5] [drone 0 replan 64]==============================================[0m
[ego_planner_node-5] [1;33mmulti-trajs=2[1;0m
[ego_planner_node-5] [32miter(+1)=30,time(ms)=0.090,total_t(ms)=0.090,cost=0.060
[ego_planner_node-5] [0mtraj 1 success.
[ego_planner_node-5] [32miter(+1)=19,time(ms)=0.046,total_t(ms)=0.046,cost=0.043
[ego_planner_node-5] [0mtraj 2 success.
[ego_planner_node-5] plan_success=1
[ego_planner_node-5] total time:[42m0.0003[0m,optimize:0.0003,refine:1.7e-06,avg_time=0.00026
[ego_planner_node-5] refine_success=1
[ego_planner_node-5] [FSM]: from REPLAN_TRAJ to EXEC_TRAJ
[local_sense_cloud-6] [INFO] [1784809997.312627790] [drone_0_local_sense_cloud]: global cloud cached: 31782 points
[ego_planner_node-5] [FSM]: state: EXEC_TRAJ
[map_adapter-2] [INFO] [1784809998.504694877] [map_adapter]: adapted cloud #1540 width=33370 occ=136x88 topdown_cells=650
[ego_planner_node-5] [FSM]: state: EXEC_TRAJ
[ego_planner_node-5] [FSM]: state: EXEC_TRAJ
[ego_planner_node-5] [FSM]: from EXEC_TRAJ to REPLAN_TRAJ
[ego_planner_node-5] [47;30m
[ego_planner_node-5] [drone 0 replan 65]==============================================[0m
[ego_planner_node-5] [1;33mmulti-trajs=1[1;0m
[ego_planner_node-5] [32miter(+1)=8,time(ms)=0.028,total_t(ms)=0.028,cost=0.023
[ego_planner_node-5] [0mtraj 1 success.
[ego_planner_node-5] plan_success=1
[ego_planner_node-5] total time:[42m0.00014[0m,optimize:0.00014,refine:2e-06,avg_time=0.00025
[ego_planner_node-5] refine_success=1
[ego_planner_node-5] [FSM]: from REPLAN_TRAJ to EXEC_TRAJ
[local_sense_cloud-6] [INFO] [1784810000.324865142] [drone_0_local_sense_cloud]: local cloud #1750: 3213 pts @ (3.5,-6.2,1.1)
[map_adapter-2] [INFO] [1784810000.689006655] [map_adapter]: adapted cloud #1560 width=33370 occ=136x88 topdown_cells=650
[ego_planner_node-5] [FSM]: state: EXEC_TRAJ
[ego_planner_node-5] [FSM]: state: EXEC_TRAJ
[local_sense_cloud-6] [INFO] [1784810002.312854163] [drone_0_local_sense_cloud]: global cloud cached: 31782 points
[map_adapter-2] [INFO] [1784810002.822125835] [map_adapter]: adapted cloud #1580 width=33370 occ=136x88 topdown_cells=650
[ego_planner_node-5] [FSM]: state: EXEC_TRAJ
[ego_planner_node-5] [FSM]: from EXEC_TRAJ to REPLAN_TRAJ
[ego_planner_node-5] [47;30m
[ego_planner_node-5] [drone 0 replan 66]==============================================[0m
[ego_planner_node-5] [1;33mmulti-trajs=1[1;0m
[ego_planner_node-5] [32miter(+1)=9,time(ms)=0.070,total_t(ms)=0.070,cost=0.025
[ego_planner_node-5] [0mtraj 1 success.
[ego_planner_node-5] plan_success=1
[ego_planner_node-5] total time:[42m0.00021[0m,optimize:0.00021,refine:3.1e-06,avg_time=0.00025
[ego_planner_node-5] refine_success=1
[ego_planner_node-5] [FSM]: from REPLAN_TRAJ to EXEC_TRAJ
[ego_planner_node-5] [FSM]: state: EXEC_TRAJ
[map_adapter-2] [INFO] [1784810004.904633327] [map_adapter]: adapted cloud #1600 width=33370 occ=136x88 topdown_cells=650
[ego_planner_node-5] [FSM]: state: EXEC_TRAJ
[local_sense_cloud-6] [INFO] [1784810005.319947749] [drone_0_local_sense_cloud]: local cloud #1800: 2948 pts @ (2.0,-6.2,1.1)
[ego_planner_node-5] [FSM]: state: EXEC_TRAJ
[ego_planner_node-5] [FSM]: from EXEC_TRAJ to REPLAN_TRAJ
[ego_planner_node-5] [47;30m
[ego_planner_node-5] [drone 0 replan 67]==============================================[0m
[ego_planner_node-5] [1;33mmulti-trajs=1[1;0m
[ego_planner_node-5] [32miter(+1)=5,time(ms)=0.022,total_t(ms)=0.022,cost=0.017
[ego_planner_node-5] [0mtraj 1 success.
[ego_planner_node-5] plan_success=1
[ego_planner_node-5] total time:[42m0.00012[0m,optimize:0.00012,refine:1.7e-06,avg_time=0.00025
[ego_planner_node-5] refine_success=1
[ego_planner_node-5] [FSM]: from REPLAN_TRAJ to EXEC_TRAJ
[ego_planner_node-5] [FSM]: state: EXEC_TRAJ
[map_adapter-2] [INFO] [1784810006.983136860] [map_adapter]: adapted cloud #1620 width=33370 occ=136x88 topdown_cells=650
[local_sense_cloud-6] [INFO] [1784810007.318921435] [drone_0_local_sense_cloud]: global cloud cached: 31782 points
[ego_planner_node-5] [FSM]: state: EXEC_TRAJ
[ego_planner_node-5] [FSM]: state: EXEC_TRAJ
[map_adapter-2] [INFO] [1784810009.141558310] [map_adapter]: adapted cloud #1640 width=33370 occ=136x88 topdown_cells=650
[ego_planner_node-5] [FSM]: from EXEC_TRAJ to REPLAN_TRAJ
[ego_planner_node-5] [47;30m
[ego_planner_node-5] [drone 0 replan 68]==============================================[0m
[ego_planner_node-5] [1;33mmulti-trajs=1[1;0m
[ego_planner_node-5] [32miter(+1)=7,time(ms)=0.027,total_t(ms)=0.027,cost=0.017
[ego_planner_node-5] [0mtraj 1 success.
[ego_planner_node-5] plan_success=1
[ego_planner_node-5] total time:[42m0.00015[0m,optimize:0.00015,refine:1.8e-06,avg_time=0.00025
[ego_planner_node-5] refine_success=1
[ego_planner_node-5] [FSM]: from REPLAN_TRAJ to EXEC_TRAJ
[ego_planner_node-5] [FSM]: state: EXEC_TRAJ
[local_sense_cloud-6] [INFO] [1784810010.319821437] [drone_0_local_sense_cloud]: local cloud #1850: 3528 pts @ (0.5,-5.7,1.1)
[ego_planner_node-5] [FSM]: state: EXEC_TRAJ
[map_adapter-2] [INFO] [1784810011.418728162] [map_adapter]: adapted cloud #1660 width=33370 occ=136x88 topdown_cells=650
[ego_planner_node-5] [FSM]: state: EXEC_TRAJ
[ego_planner_node-5] [FSM]: from EXEC_TRAJ to REPLAN_TRAJ
[ego_planner_node-5] [47;30m
[ego_planner_node-5] [drone 0 replan 69]==============================================[0m
[ego_planner_node-5] [1;33mmulti-trajs=1[1;0m
[ego_planner_node-5] [32miter(+1)=5,time(ms)=0.024,total_t(ms)=0.024,cost=0.013
[ego_planner_node-5] [0mtraj 1 success.
[ego_planner_node-5] plan_success=1
[ego_planner_node-5] total time:[42m0.00013[0m,optimize:0.00013,refine:1.9e-06,avg_time=0.00025
[ego_planner_node-5] refine_success=1
[ego_planner_node-5] [FSM]: from REPLAN_TRAJ to EXEC_TRAJ
[local_sense_cloud-6] [INFO] [1784810012.415955223] [drone_0_local_sense_cloud]: global cloud cached: 31782 points
[ego_planner_node-5] [FSM]: state: EXEC_TRAJ
[map_adapter-2] [INFO] [1784810013.693840160] [map_adapter]: adapted cloud #1680 width=33370 occ=136x88 topdown_cells=650
[ego_planner_node-5] [FSM]: state: EXEC_TRAJ
[ego_planner_node-5] [FSM]: state: EXEC_TRAJ
[ego_planner_node-5] [FSM]: from EXEC_TRAJ to REPLAN_TRAJ
[ego_planner_node-5] [47;30m
[ego_planner_node-5] [drone 0 replan 70]==============================================[0m
[ego_planner_node-5] [1;33mmulti-trajs=1[1;0m
[ego_planner_node-5] [32miter(+1)=9,time(ms)=0.021,total_t(ms)=0.021,cost=0.019
[ego_planner_node-5] [0mtraj 1 success.
[ego_planner_node-5] plan_success=1
[ego_planner_node-5] total time:[42m9.6e-05[0m,optimize:9.5e-05,refine:1.1e-06,avg_time=0.00025
[ego_planner_node-5] refine_success=1
[ego_planner_node-5] [FSM]: from REPLAN_TRAJ to EXEC_TRAJ
[local_sense_cloud-6] [INFO] [1784810015.321762561] [drone_0_local_sense_cloud]: local cloud #1900: 4302 pts @ (-0.9,-5.9,1.1)
[map_adapter-2] [INFO] [1784810015.878283357] [map_adapter]: adapted cloud #1700 width=33370 occ=136x88 topdown_cells=650
[ego_planner_node-5] [FSM]: state: EXEC_TRAJ
[ego_planner_node-5] [FSM]: state: EXEC_TRAJ
[local_sense_cloud-6] [INFO] [1784810017.527653419] [drone_0_local_sense_cloud]: global cloud cached: 31782 points
[map_adapter-2] [INFO] [1784810017.968292587] [map_adapter]: adapted cloud #1720 width=33370 occ=136x88 topdown_cells=650
[ego_planner_node-5] [FSM]: state: EXEC_TRAJ
[ego_planner_node-5] [FSM]: from EXEC_TRAJ to REPLAN_TRAJ
[ego_planner_node-5] [47;30m
[ego_planner_node-5] [drone 0 replan 71]==============================================[0m
[ego_planner_node-5] [1;33mmulti-trajs=1[1;0m
[ego_planner_node-5] [32miter(+1)=11,time(ms)=0.031,total_t(ms)=0.032,cost=0.023
[ego_planner_node-5] [0mtraj 1 success.
[ego_planner_node-5] plan_success=1
[ego_planner_node-5] total time:[42m0.00011[0m,optimize:0.0001,refine:1.5e-06,avg_time=0.00024
[ego_planner_node-5] refine_success=1
[ego_planner_node-5] [FSM]: from REPLAN_TRAJ to EXEC_TRAJ
[ego_planner_node-5] [FSM]: state: EXEC_TRAJ
[map_adapter-2] [INFO] [1784810020.131108663] [map_adapter]: adapted cloud #1740 width=33370 occ=136x88 topdown_cells=650
[ego_planner_node-5] [FSM]: state: EXEC_TRAJ
[local_sense_cloud-6] [INFO] [1784810020.323249999] [drone_0_local_sense_cloud]: local cloud #1950: 4450 pts @ (-2.4,-6.1,1.1)
[ego_planner_node-5] [FSM]: state: EXEC_TRAJ
[ego_planner_node-5] [FSM]: from EXEC_TRAJ to REPLAN_TRAJ
[ego_planner_node-5] [47;30m
[ego_planner_node-5] [drone 0 replan 72]==============================================[0m
[ego_planner_node-5] [1;33mmulti-trajs=1[1;0m
[ego_planner_node-5] [32miter(+1)=10,time(ms)=0.039,total_t(ms)=0.040,cost=0.010
[ego_planner_node-5] [0mtraj 1 success.
[ego_planner_node-5] plan_success=1
[ego_planner_node-5] total time:[42m0.00015[0m,optimize:0.00015,refine:1.7e-06,avg_time=0.00024
[ego_planner_node-5] refine_success=1
[ego_planner_node-5] [FSM]: from REPLAN_TRAJ to EXEC_TRAJ
[ego_planner_node-5] [FSM]: state: EXEC_TRAJ
[map_adapter-2] [INFO] [1784810022.325151037] [map_adapter]: adapted cloud #1760 width=33370 occ=136x88 topdown_cells=650
[local_sense_cloud-6] [INFO] [1784810022.539746464] [drone_0_local_sense_cloud]: global cloud cached: 31782 points
[ego_planner_node-5] [FSM]: state: EXEC_TRAJ
[ego_planner_node-5] [FSM]: state: EXEC_TRAJ
[ego_planner_node-5] [FSM]: from EXEC_TRAJ to REPLAN_TRAJ
[ego_planner_node-5] [47;30m
[ego_planner_node-5] [drone 0 replan 73]==============================================[0m
[ego_planner_node-5] [1;33mmulti-trajs=1[1;0m
[ego_planner_node-5] [32miter(+1)=9,time(ms)=0.037,total_t(ms)=0.038,cost=0.017
[ego_planner_node-5] [0mtraj 1 success.
[ego_planner_node-5] plan_success=1
[ego_planner_node-5] total time:[42m0.00012[0m,optimize:0.00012,refine:1.7e-06,avg_time=0.00024
[ego_planner_node-5] refine_success=1
[ego_planner_node-5] [FSM]: from REPLAN_TRAJ to EXEC_TRAJ
[map_adapter-2] [INFO] [1784810024.532065389] [map_adapter]: adapted cloud #1780 width=33370 occ=136x88 topdown_cells=650
[ego_planner_node-5] [FSM]: state: EXEC_TRAJ
[local_sense_cloud-6] [INFO] [1784810025.348281864] [drone_0_local_sense_cloud]: local cloud #2000: 4196 pts @ (-3.9,-6.0,1.1)
[ego_planner_node-5] [FSM]: state: EXEC_TRAJ
[map_adapter-2] [INFO] [1784810026.856320499] [map_adapter]: adapted cloud #1800 width=33370 occ=136x88 topdown_cells=650
[ego_planner_node-5] [FSM]: state: EXEC_TRAJ
[ego_planner_node-5] [FSM]: from EXEC_TRAJ to REPLAN_TRAJ
[ego_planner_node-5] [47;30m
[ego_planner_node-5] [drone 0 replan 74]==============================================[0m
[ego_planner_node-5] [1;33mmulti-trajs=1[1;0m
[ego_planner_node-5] [32miter(+1)=9,time(ms)=0.028,total_t(ms)=0.029,cost=0.012
[ego_planner_node-5] [0mtraj 1 success.
[ego_planner_node-5] plan_success=1
[ego_planner_node-5] total time:[42m0.00011[0m,optimize:0.0001,refine:2.1e-06,avg_time=0.00024
[ego_planner_node-5] refine_success=1
[ego_planner_node-5] [FSM]: from REPLAN_TRAJ to EXEC_TRAJ
[local_sense_cloud-6] [INFO] [1784810027.618051231] [drone_0_local_sense_cloud]: global cloud cached: 31782 points
[ego_planner_node-5] [FSM]: state: EXEC_TRAJ
[map_adapter-2] [INFO] [1784810029.059468630] [map_adapter]: adapted cloud #1820 width=33370 occ=136x88 topdown_cells=650
[ego_planner_node-5] [FSM]: state: EXEC_TRAJ
[local_sense_cloud-6] [INFO] [1784810030.319260442] [drone_0_local_sense_cloud]: local cloud #2050: 4360 pts @ (-5.4,-6.0,1.1)
[ego_planner_node-5] [FSM]: from EXEC_TRAJ to REPLAN_TRAJ
[ego_planner_node-5] [47;30m
[ego_planner_node-5] [drone 0 replan 75]==============================================[0m
[ego_planner_node-5] [1;33mmulti-trajs=1[1;0m
[ego_planner_node-5] [32miter(+1)=11,time(ms)=0.027,total_t(ms)=0.028,cost=0.016
[ego_planner_node-5] [0mtraj 1 success.
[ego_planner_node-5] plan_success=1
[ego_planner_node-5] total time:[42m8.9e-05[0m,optimize:8.8e-05,refine:1.4e-06,avg_time=0.00024
[ego_planner_node-5] refine_success=1
[ego_planner_node-5] [FSM]: from REPLAN_TRAJ to EXEC_TRAJ
[ego_planner_node-5] [FSM]: state: EXEC_TRAJ
[map_adapter-2] [INFO] [1784810031.257285634] [map_adapter]: adapted cloud #1840 width=33370 occ=136x88 topdown_cells=650
[ego_planner_node-5] [FSM]: state: EXEC_TRAJ
[ego_planner_node-5] [FSM]: state: EXEC_TRAJ
[local_sense_cloud-6] [INFO] [1784810032.621095881] [drone_0_local_sense_cloud]: global cloud cached: 31782 points
[map_adapter-2] [INFO] [1784810033.381902465] [map_adapter]: adapted cloud #1860 width=33370 occ=136x88 topdown_cells=650
[ego_planner_node-5] [FSM]: state: EXEC_TRAJ
[ego_planner_node-5] [FSM]: state: EXEC_TRAJ
[local_sense_cloud-6] [INFO] [1784810035.335357624] [drone_0_local_sense_cloud]: local cloud #2100: 6481 pts @ (-6.8,-6.0,1.1)
[ego_planner_node-5] [FSM]: state: EXEC_TRAJ
[map_adapter-2] [INFO] [1784810035.611700773] [map_adapter]: adapted cloud #1880 width=33370 occ=136x88 topdown_cells=650
[ego_planner_node-5] [FSM]: state: EXEC_TRAJ
[ego_planner_node-5] [FSM]: state: EXEC_TRAJ
[local_sense_cloud-6] [INFO] [1784810037.710684489] [drone_0_local_sense_cloud]: global cloud cached: 31782 points
[map_adapter-2] [INFO] [1784810037.751487425] [map_adapter]: adapted cloud #1900 width=33370 occ=136x88 topdown_cells=650
[ego_planner_node-5] [FSM]: from EXEC_TRAJ to WAIT_TARGET
[ego_planner_node-5] [FSM]: state: WAIT_TARGET
[ego_planner_node-5] wait for goal or trigger.
[waypoint_publisher-10] [INFO] [1784810039.492295320] [waypoint_publisher]: Waypoint cycle 1/1 5/8: (8.00, 6.00, 1.00)
[ego_planner_node-5] Triggered!
[ego_planner_node-5] [FSM]: from WAIT_TARGET to SEQUENTIAL_START
[ego_planner_node-5] [47;30m
[ego_planner_node-5] [drone 0 replan 76]==============================================[0m
[ego_planner_node-5] [1;33mmulti-trajs=1[1;0m
[ego_planner_node-5] [32miter(+1)=1,time(ms)=0.010,total_t(ms)=0.010,cost=0.033
[ego_planner_node-5] [0mtraj 1 success.
[ego_planner_node-5] plan_success=1
[ego_planner_node-5] Need to reallocate time.
[ego_planner_node-5] total time:[42m0.00025[0m,optimize:0.00014,refine:0.0001,avg_time=0.00024
[ego_planner_node-5] refine_success=1
[ego_planner_node-5] [FSM]: from SEQUENTIAL_START to EXEC_TRAJ
[ego_planner_node-5] [FSM]: state: EXEC_TRAJ
[ego_planner_node-5] Triggered!
[ego_planner_node-5] [TRIG]: from EXEC_TRAJ to REPLAN_TRAJ
[ego_planner_node-5] [47;30m
[ego_planner_node-5] [drone 0 replan 77]==============================================[0m
[ego_planner_node-5] [1;33mmulti-trajs=1[1;0m
[ego_planner_node-5] [32miter(+1)=1,time(ms)=0.013,total_t(ms)=0.013,cost=0.019
[ego_planner_node-5] [0mtraj 1 success.
[ego_planner_node-5] plan_success=1
[ego_planner_node-5] Need to reallocate time.
[ego_planner_node-5] total time:[42m0.00025[0m,optimize:0.00015,refine:9.9e-05,avg_time=0.00024
[ego_planner_node-5] refine_success=1
[ego_planner_node-5] [FSM]: from REPLAN_TRAJ to EXEC_TRAJ
[map_adapter-2] [INFO] [1784810040.139419824] [map_adapter]: adapted cloud #1920 width=33370 occ=136x88 topdown_cells=650
[local_sense_cloud-6] [INFO] [1784810040.338921304] [drone_0_local_sense_cloud]: local cloud #2150: 6854 pts @ (-7.9,-6.1,1.1)
[ego_planner_node-5] [FSM]: state: EXEC_TRAJ
[ego_planner_node-5] Triggered!
[ego_planner_node-5] [TRIG]: from EXEC_TRAJ to REPLAN_TRAJ
[ego_planner_node-5] [47;30m
[ego_planner_node-5] [drone 0 replan 78]==============================================[0m
[ego_planner_node-5] [1;33mmulti-trajs=1[1;0m
[ego_planner_node-5] [32miter(+1)=1,time(ms)=0.017,total_t(ms)=0.017,cost=0.019
[ego_planner_node-5] [0mtraj 1 success.
[ego_planner_node-5] plan_success=1
[ego_planner_node-5] Need to reallocate time.
[ego_planner_node-5] total time:[42m0.00014[0m,optimize:9.3e-05,refine:4.4e-05,avg_time=0.00024
[ego_planner_node-5] refine_success=1
[ego_planner_node-5] [FSM]: from REPLAN_TRAJ to EXEC_TRAJ
[ego_planner_node-5] Triggered!
[ego_planner_node-5] [TRIG]: from EXEC_TRAJ to REPLAN_TRAJ
[ego_planner_node-5] [47;30m
[ego_planner_node-5] [drone 0 replan 79]==============================================[0m
[ego_planner_node-5] [1;33mmulti-trajs=1[1;0m
[ego_planner_node-5] [32miter(+1)=1,time(ms)=0.010,total_t(ms)=0.010,cost=0.005
[ego_planner_node-5] [0mtraj 1 success.
[ego_planner_node-5] plan_success=1
[ego_planner_node-5] Need to reallocate time.
[ego_planner_node-5] total time:[42m0.00015[0m,optimize:8.9e-05,refine:6e-05,avg_time=0.00024
[ego_planner_node-5] refine_success=1
[ego_planner_node-5] [FSM]: from REPLAN_TRAJ to EXEC_TRAJ
[ego_planner_node-5] [FSM]: state: EXEC_TRAJ
[ego_planner_node-5] Triggered!
[ego_planner_node-5] [TRIG]: from EXEC_TRAJ to REPLAN_TRAJ
[ego_planner_node-5] [47;30m
[ego_planner_node-5] [drone 0 replan 80]==============================================[0m
[ego_planner_node-5] [1;33mmulti-trajs=1[1;0m
[ego_planner_node-5] [32miter(+1)=1,time(ms)=0.015,total_t(ms)=0.015,cost=0.004
[ego_planner_node-5] [0mtraj 1 success.
[ego_planner_node-5] plan_success=1
[ego_planner_node-5] Need to reallocate time.
[ego_planner_node-5] total time:[42m0.00023[0m,optimize:0.00015,refine:7.8e-05,avg_time=0.00024
[ego_planner_node-5] refine_success=1
[ego_planner_node-5] [FSM]: from REPLAN_TRAJ to EXEC_TRAJ
[map_adapter-2] [INFO] [1784810042.298010898] [map_adapter]: adapted cloud #1940 width=33370 occ=136x88 topdown_cells=650
[ego_planner_node-5] Triggered!
[ego_planner_node-5] [TRIG]: from EXEC_TRAJ to REPLAN_TRAJ
[ego_planner_node-5] [47;30m
[ego_planner_node-5] [drone 0 replan 81]==============================================[0m
[ego_planner_node-5] [1;33mmulti-trajs=1[1;0m
[ego_planner_node-5] [32miter(+1)=1,time(ms)=0.012, collided, keep optimizing
[ego_planner_node-5] [0m[32miter(+1)=1,time(ms)=0.004, collided, keep optimizing
[ego_planner_node-5] [0m[32miter(+1)=1,time(ms)=0.004, collided, keep optimizing
[ego_planner_node-5] [0mtraj 1 failed.
[ego_planner_node-5] plan_success=0
[ego_planner_node-5] refine_success=0
[ego_planner_node-5] [47;30m
[ego_planner_node-5] [drone 0 replan 82]==============================================[0m
[ego_planner_node-5] [1;33mmulti-trajs=1[1;0m
[ego_planner_node-5] [32miter(+1)=1,time(ms)=0.004, collided, keep optimizing
[ego_planner_node-5] [0m[32miter(+1)=1,time(ms)=0.003, collided, keep optimizing
[ego_planner_node-5] [0m[32miter(+1)=1,time(ms)=0.003, collided, keep optimizing
[ego_planner_node-5] [0mtraj 1 failed.
[ego_planner_node-5] plan_success=0
[ego_planner_node-5] refine_success=0
[ego_planner_node-5] [47;30m
[ego_planner_node-5] [drone 0 replan 83]==============================================[0m
[ego_planner_node-5] [1;33mmulti-trajs=1[1;0m
[ego_planner_node-5] [32miter(+1)=3,time(ms)=0.007,total_t(ms)=0.008,cost=0.021
[ego_planner_node-5] [0mtraj 1 success.
[ego_planner_node-5] plan_success=1
[ego_planner_node-5] Need to reallocate time.
[ego_planner_node-5] total time:[42m0.00017[0m,optimize:9.2e-05,refine:7.6e-05,avg_time=0.00024
[ego_planner_node-5] refine_success=1
[ego_planner_node-5] [FSM]: from REPLAN_TRAJ to EXEC_TRAJ
[ego_planner_node-5] [FSM]: state: EXEC_TRAJ
[local_sense_cloud-6] [INFO] [1784810042.712304865] [drone_0_local_sense_cloud]: global cloud cached: 31782 points
[ego_planner_node-5] [FSM]: state: EXEC_TRAJ
[map_adapter-2] [INFO] [1784810044.315734639] [map_adapter]: adapted cloud #1960 width=33370 occ=136x88 topdown_cells=650
[ego_planner_node-5] [FSM]: state: EXEC_TRAJ
[local_sense_cloud-6] [INFO] [1784810045.325651456] [drone_0_local_sense_cloud]: local cloud #2200: 7115 pts @ (-7.5,-5.8,1.0)
[ego_planner_node-5] [FSM]: from EXEC_TRAJ to REPLAN_TRAJ
[ego_planner_node-5] [47;30m
[ego_planner_node-5] [drone 0 replan 84]==============================================[0m
[ego_planner_node-5] [1;33mmulti-trajs=1[1;0m
[ego_planner_node-5] [32miter(+1)=13,time(ms)=0.028,total_t(ms)=0.028,cost=0.047
[ego_planner_node-5] [0mtraj 1 success.
[ego_planner_node-5] plan_success=1
[ego_planner_node-5] total time:[42m0.0001[0m,optimize:0.0001,refine:1.3e-06,avg_time=0.00023
[ego_planner_node-5] refine_success=1
[ego_planner_node-5] [FSM]: from REPLAN_TRAJ to EXEC_TRAJ
[ego_planner_node-5] [FSM]: state: EXEC_TRAJ
[map_adapter-2] [INFO] [1784810046.309159000] [map_adapter]: adapted cloud #1980 width=33370 occ=136x88 topdown_cells=650
[ego_planner_node-5] [FSM]: state: EXEC_TRAJ
[ego_planner_node-5] [FSM]: state: EXEC_TRAJ
[local_sense_cloud-6] [INFO] [1784810047.815637193] [drone_0_local_sense_cloud]: global cloud cached: 31782 points
[map_adapter-2] [INFO] [1784810048.319834277] [map_adapter]: adapted cloud #2000 width=33370 occ=136x88 topdown_cells=650
[ego_planner_node-5] [FSM]: from EXEC_TRAJ to REPLAN_TRAJ
[ego_planner_node-5] [47;30m
[ego_planner_node-5] [drone 0 replan 85]==============================================[0m
[ego_planner_node-5] [1;33mmulti-trajs=1[1;0m
[ego_planner_node-5] [32miter(+1)=9,time(ms)=0.035,total_t(ms)=0.035,cost=0.013
[ego_planner_node-5] [0mtraj 1 success.
[ego_planner_node-5] plan_success=1
[ego_planner_node-5] total time:[42m0.00016[0m,optimize:0.00016,refine:2e-06,avg_time=0.00023
[ego_planner_node-5] refine_success=1
[ego_planner_node-5] [FSM]: from REPLAN_TRAJ to EXEC_TRAJ
[ego_planner_node-5] [FSM]: state: EXEC_TRAJ
[ego_planner_node-5] [FSM]: state: EXEC_TRAJ
[local_sense_cloud-6] [INFO] [1784810050.320275643] [drone_0_local_sense_cloud]: local cloud #2250: 5961 pts @ (-6.1,-5.0,0.6)
[map_adapter-2] [INFO] [1784810050.408314003] [map_adapter]: adapted cloud #2020 width=33370 occ=136x88 topdown_cells=650
[ego_planner_node-5] [FSM]: state: EXEC_TRAJ
[ego_planner_node-5] [FSM]: from EXEC_TRAJ to REPLAN_TRAJ
[ego_planner_node-5] [47;30m
[ego_planner_node-5] [drone 0 replan 86]==============================================[0m
[ego_planner_node-5] [1;33mmulti-trajs=1[1;0m
[ego_planner_node-5] [32miter(+1)=8,time(ms)=0.017,total_t(ms)=0.017,cost=0.009
[ego_planner_node-5] [0mtraj 1 success.
[ego_planner_node-5] plan_success=1
[ego_planner_node-5] total time:[42m8.5e-05[0m,optimize:8.3e-05,refine:1.2e-06,avg_time=0.00023
[ego_planner_node-5] refine_success=1
[ego_planner_node-5] [FSM]: from REPLAN_TRAJ to EXEC_TRAJ
[ego_planner_node-5] [FSM]: state: EXEC_TRAJ
[map_adapter-2] [INFO] [1784810052.404119100] [map_adapter]: adapted cloud #2040 width=33370 occ=136x88 topdown_cells=650
[ego_planner_node-5] [FSM]: state: EXEC_TRAJ
[local_sense_cloud-6] [INFO] [1784810052.827426265] [drone_0_local_sense_cloud]: global cloud cached: 31782 points
[ego_planner_node-5] [FSM]: state: EXEC_TRAJ
[map_adapter-2] [INFO] [1784810054.433407563] [map_adapter]: adapted cloud #2060 width=33370 occ=136x88 topdown_cells=650
[ego_planner_node-5] [FSM]: from EXEC_TRAJ to REPLAN_TRAJ
[ego_planner_node-5] [47;30m
[ego_planner_node-5] [drone 0 replan 87]==============================================[0m
[ego_planner_node-5] [1;33mmulti-trajs=1[1;0m
[ego_planner_node-5] [32miter(+1)=13,time(ms)=0.037,total_t(ms)=0.037,cost=0.011
[ego_planner_node-5] [0mtraj 1 success.
[ego_planner_node-5] plan_success=1
[ego_planner_node-5] total time:[42m0.00013[0m,optimize:0.00013,refine:1.6e-06,avg_time=0.00023
[ego_planner_node-5] refine_success=1
[ego_planner_node-5] [FSM]: from REPLAN_TRAJ to EXEC_TRAJ
[ego_planner_node-5] [FSM]: state: EXEC_TRAJ
[local_sense_cloud-6] [INFO] [1784810055.319697857] [drone_0_local_sense_cloud]: local cloud #2300: 4133 pts @ (-4.8,-4.3,0.4)
[ego_planner_node-5] [FSM]: state: EXEC_TRAJ
[map_adapter-2] [INFO] [1784810056.410886003] [map_adapter]: adapted cloud #2080 width=33370 occ=136x88 topdown_cells=650
[ego_planner_node-5] [FSM]: state: EXEC_TRAJ
[ego_planner_node-5] [FSM]: from EXEC_TRAJ to REPLAN_TRAJ
[ego_planner_node-5] [47;30m
[ego_planner_node-5] [drone 0 replan 88]==============================================[0m
[ego_planner_node-5] [1;33mmulti-trajs=1[1;0m
[ego_planner_node-5] [32miter(+1)=13,time(ms)=0.048,total_t(ms)=0.048,cost=0.004
[ego_planner_node-5] [0mtraj 1 success.
[ego_planner_node-5] plan_success=1
[ego_planner_node-5] total time:[42m0.00017[0m,optimize:0.00017,refine:2.9e-06,avg_time=0.00023
[ego_planner_node-5] refine_success=1
[ego_planner_node-5] [FSM]: from REPLAN_TRAJ to EXEC_TRAJ
[ego_planner_node-5] [FSM]: state: EXEC_TRAJ
[local_sense_cloud-6] [INFO] [1784810057.910460629] [drone_0_local_sense_cloud]: global cloud cached: 31782 points
[map_adapter-2] [INFO] [1784810058.406815615] [map_adapter]: adapted cloud #2100 width=33370 occ=136x88 topdown_cells=650
[ego_planner_node-5] [FSM]: state: EXEC_TRAJ
[ego_planner_node-5] [FSM]: state: EXEC_TRAJ
[local_sense_cloud-6] [INFO] [1784810060.317605600] [drone_0_local_sense_cloud]: local cloud #2350: 2915 pts @ (-3.7,-3.2,0.6)
[map_adapter-2] [INFO] [1784810060.392831133] [map_adapter]: adapted cloud #2120 width=33370 occ=136x88 topdown_cells=650
[ego_planner_node-5] [FSM]: from EXEC_TRAJ to REPLAN_TRAJ
[ego_planner_node-5] [47;30m
[ego_planner_node-5] [drone 0 replan 89]==============================================[0m
[ego_planner_node-5] [1;33mmulti-trajs=1[1;0m
[ego_planner_node-5] [32miter(+1)=12,time(ms)=0.036,total_t(ms)=0.036,cost=0.003
[ego_planner_node-5] [0mtraj 1 success.
[ego_planner_node-5] plan_success=1
[ego_planner_node-5] total time:[42m0.00013[0m,optimize:0.00013,refine:1.9e-06,avg_time=0.00023
[ego_planner_node-5] refine_success=1
[ego_planner_node-5] [FSM]: from REPLAN_TRAJ to EXEC_TRAJ
[ego_planner_node-5] [FSM]: state: EXEC_TRAJ
[ego_planner_node-5] [FSM]: state: EXEC_TRAJ
[map_adapter-2] [INFO] [1784810062.399338716] [map_adapter]: adapted cloud #2140 width=33370 occ=136x88 topdown_cells=650
[ego_planner_node-5] [FSM]: state: EXEC_TRAJ
[local_sense_cloud-6] [INFO] [1784810062.915363858] [drone_0_local_sense_cloud]: global cloud cached: 31782 points
[ego_planner_node-5] [FSM]: from EXEC_TRAJ to REPLAN_TRAJ
[ego_planner_node-5] [47;30m
[ego_planner_node-5] [drone 0 replan 90]==============================================[0m
[ego_planner_node-5] [1;33mmulti-trajs=1[1;0m
[ego_planner_node-5] [32miter(+1)=14,time(ms)=0.064,total_t(ms)=0.064,cost=0.002
[ego_planner_node-5] [0mtraj 1 success.
[ego_planner_node-5] plan_success=1
[ego_planner_node-5] total time:[42m0.00021[0m,optimize:0.00021,refine:3.3e-06,avg_time=0.00023
[ego_planner_node-5] refine_success=1
[ego_planner_node-5] [FSM]: from REPLAN_TRAJ to EXEC_TRAJ
[ego_planner_node-5] [FSM]: state: EXEC_TRAJ
[map_adapter-2] [INFO] [1784810064.395415130] [map_adapter]: adapted cloud #2160 width=33370 occ=136x88 topdown_cells=650
[ego_planner_node-5] [FSM]: state: EXEC_TRAJ
[local_sense_cloud-6] [INFO] [1784810065.315007824] [drone_0_local_sense_cloud]: local cloud #2400: 2743 pts @ (-2.7,-2.2,1.0)
[ego_planner_node-5] [FSM]: state: EXEC_TRAJ
[map_adapter-2] [INFO] [1784810066.387181061] [map_adapter]: adapted cloud #2180 width=33370 occ=136x88 topdown_cells=650
[ego_planner_node-5] [FSM]: from EXEC_TRAJ to REPLAN_TRAJ
[ego_planner_node-5] [47;30m
[ego_planner_node-5] [drone 0 replan 91]==============================================[0m
[ego_planner_node-5] [1;33mmulti-trajs=1[1;0m
[ego_planner_node-5] [32miter(+1)=14,time(ms)=0.026,total_t(ms)=0.027,cost=0.003
[ego_planner_node-5] [0mtraj 1 success.
[ego_planner_node-5] plan_success=1
[ego_planner_node-5] total time:[42m9.2e-05[0m,optimize:9.1e-05,refine:1.1e-06,avg_time=0.00023
[ego_planner_node-5] refine_success=1
[ego_planner_node-5] [FSM]: from REPLAN_TRAJ to EXEC_TRAJ
[ego_planner_node-5] [FSM]: state: EXEC_TRAJ
[ego_planner_node-5] [FSM]: state: EXEC_TRAJ
[local_sense_cloud-6] [INFO] [1784810068.015794359] [drone_0_local_sense_cloud]: global cloud cached: 31782 points
[map_adapter-2] [INFO] [1784810068.429744551] [map_adapter]: adapted cloud #2200 width=33370 occ=136x88 topdown_cells=650
[ego_planner_node-5] [FSM]: state: EXEC_TRAJ
[ego_planner_node-5] [FSM]: from EXEC_TRAJ to REPLAN_TRAJ
[ego_planner_node-5] [47;30m
[ego_planner_node-5] [drone 0 replan 92]==============================================[0m
[ego_planner_node-5] [1;33mmulti-trajs=1[1;0m
[ego_planner_node-5] [32miter(+1)=11,time(ms)=0.040,total_t(ms)=0.040,cost=0.002
[ego_planner_node-5] [0mtraj 1 success.
[ego_planner_node-5] plan_success=1
[ego_planner_node-5] total time:[42m0.00016[0m,optimize:0.00016,refine:2.1e-06,avg_time=0.00023
[ego_planner_node-5] refine_success=1
[ego_planner_node-5] [FSM]: from REPLAN_TRAJ to EXEC_TRAJ
[ego_planner_node-5] [FSM]: state: EXEC_TRAJ
[local_sense_cloud-6] [INFO] [1784810070.316755845] [drone_0_local_sense_cloud]: local cloud #2450: 2792 pts @ (-1.6,-1.3,1.1)
[map_adapter-2] [INFO] [1784810070.397801909] [map_adapter]: adapted cloud #2220 width=33370 occ=136x88 topdown_cells=650
[ego_planner_node-5] [FSM]: state: EXEC_TRAJ
[ego_planner_node-5] [FSM]: state: EXEC_TRAJ
[map_adapter-2] [INFO] [1784810072.478579866] [map_adapter]: adapted cloud #2240 width=33370 occ=136x88 topdown_cells=650
[ego_planner_node-5] [FSM]: from EXEC_TRAJ to REPLAN_TRAJ
[ego_planner_node-5] [47;30m
[ego_planner_node-5] [drone 0 replan 93]==============================================[0m
[ego_planner_node-5] [1;33mmulti-trajs=1[1;0m
[ego_planner_node-5] [32miter(+1)=9,time(ms)=0.020,total_t(ms)=0.020,cost=0.004
[ego_planner_node-5] [0mtraj 1 success.
[ego_planner_node-5] plan_success=1
[ego_planner_node-5] total time:[42m0.0001[0m,optimize:0.0001,refine:1.2e-06,avg_time=0.00022
[ego_planner_node-5] refine_success=1
[ego_planner_node-5] [FSM]: from REPLAN_TRAJ to EXEC_TRAJ
[ego_planner_node-5] [FSM]: state: EXEC_TRAJ
[local_sense_cloud-6] [INFO] [1784810073.112583220] [drone_0_local_sense_cloud]: global cloud cached: 31782 points
[ego_planner_node-5] [FSM]: state: EXEC_TRAJ
[map_adapter-2] [INFO] [1784810074.676480428] [map_adapter]: adapted cloud #2260 width=33370 occ=136x88 topdown_cells=650
[ego_planner_node-5] [FSM]: state: EXEC_TRAJ
[local_sense_cloud-6] [INFO] [1784810075.350532586] [drone_0_local_sense_cloud]: local cloud #2500: 2618 pts @ (-0.3,-0.4,1.1)
